-- MySQL Script generated by MySQL Workbench
-- Saturday 28 March 2020 05:59:32 AM IST
-- Model: New Model    Version: 1.0
-- MySQL Workbench Forward Engineering

SET @OLD_UNIQUE_CHECKS=@@UNIQUE_CHECKS, UNIQUE_CHECKS=0;
SET @OLD_FOREIGN_KEY_CHECKS=@@FOREIGN_KEY_CHECKS, FOREIGN_KEY_CHECKS=0;
SET @OLD_SQL_MODE=@@SQL_MODE, SQL_MODE='TRADITIONAL,ALLOW_INVALID_DATES';

-- -----------------------------------------------------
-- Schema csdb
-- -----------------------------------------------------

-- -----------------------------------------------------
-- Schema csdb
-- -----------------------------------------------------
CREATE SCHEMA IF NOT EXISTS `csdb` DEFAULT CHARACTER SET utf8 ;
USE `csdb` ;

-- -----------------------------------------------------
-- Table `csdb`.`groups_table`
-- -----------------------------------------------------
CREATE TABLE IF NOT EXISTS `csdb`.`groups_table` (
  `group_id` VARCHAR(30) NOT NULL,
  `group_name` VARCHAR(100) NULL,
  PRIMARY KEY (`group_id`))
ENGINE = InnoDB;


-- -----------------------------------------------------
-- Table `csdb`.`login`
-- -----------------------------------------------------
CREATE TABLE IF NOT EXISTS `csdb`.`login` (
  `user_id` VARCHAR(16) NOT NULL,
  `password` VARCHAR(100) NOT NULL,
  `group_group_id` VARCHAR(30) NOT NULL,
  `create_time` TIMESTAMP NULL DEFAULT CURRENT_TIMESTAMP,
  PRIMARY KEY (`user_id`, `group_group_id`),
  CONSTRAINT `fk_user_group`
    FOREIGN KEY (`group_group_id`)
    REFERENCES `csdb`.`groups_table` (`group_id`)
    ON DELETE NO ACTION
    ON UPDATE NO ACTION);


-- -----------------------------------------------------
-- Table `csdb`.`city_master`
-- -----------------------------------------------------
CREATE TABLE IF NOT EXISTS `csdb`.`city_master` (
  `city_id` VARCHAR(3) NOT NULL,
  `city_name` VARCHAR(255) NULL,
  PRIMARY KEY (`city_id`))
ENGINE = InnoDB;


-- -----------------------------------------------------
-- Table `csdb`.`country_master`
-- -----------------------------------------------------
CREATE TABLE IF NOT EXISTS `csdb`.`country_master` (
  `country_code` VARCHAR(3) NOT NULL,
  `country_name` VARCHAR(255) NULL,
  `latitude` DOUBLE NULL,
  `longitude` DOUBLE NULL,
  PRIMARY KEY (`country_code`))
ENGINE = InnoDB;


-- -----------------------------------------------------
-- Table `csdb`.`state_master`
-- -----------------------------------------------------
CREATE TABLE IF NOT EXISTS `csdb`.`state_master` (
  `state_id` VARCHAR(3) NOT NULL,
  `state_name` VARCHAR(255) NULL,
  `country_country_id` VARCHAR(3) NOT NULL,
  PRIMARY KEY (`state_id`, `country_country_id`),
  CONSTRAINT `fk_state_country1`
    FOREIGN KEY (`country_country_id`)
    REFERENCES `csdb`.`country_master` (`country_code`)
    ON DELETE NO ACTION
    ON UPDATE NO ACTION)
ENGINE = InnoDB;


-- -----------------------------------------------------
-- Table `csdb`.`district_master`
-- -----------------------------------------------------
CREATE TABLE IF NOT EXISTS `csdb`.`district_master` (
  `district_id` VARCHAR(5) NOT NULL,
  `district_name` VARCHAR(255) NULL,
  `state_state_id` VARCHAR(3) NOT NULL,
  PRIMARY KEY (`district_id`, `state_state_id`),
  CONSTRAINT `fk_district_state1`
    FOREIGN KEY (`state_state_id`)
    REFERENCES `csdb`.`state_master` (`state_id`)
    ON DELETE NO ACTION
    ON UPDATE NO ACTION)
ENGINE = InnoDB;


-- -----------------------------------------------------
-- Table `csdb`.`user_info`
-- -----------------------------------------------------
CREATE TABLE IF NOT EXISTS `csdb`.`user_info` (
  `login_user_id` VARCHAR(16) NOT NULL,
  `first_name` VARCHAR(250) NOT NULL,
  `last_name` VARCHAR(250) NULL,
  `email_id` VARCHAR(255) NULL,
  `mobile` VARCHAR(13) NULL,
  `phone` VARCHAR(20) NULL,
  `address` VARCHAR(255) NULL,
  `landmark` VARCHAR(255) NULL,
  `pin` VARCHAR(6) NULL,
  `city_master_city_id` VARCHAR(3) NULL,
  `district_master_district_id` VARCHAR(5) NULL,
  PRIMARY KEY (`login_user_id`),
  CONSTRAINT `fk_user_info_login1`
    FOREIGN KEY (`login_user_id`)
    REFERENCES `csdb`.`login` (`user_id`)
    ON DELETE NO ACTION
    ON UPDATE NO ACTION,
  CONSTRAINT `fk_user_info_city_master1`
    FOREIGN KEY (`city_master_city_id`)
    REFERENCES `csdb`.`city_master` (`city_id`)
    ON DELETE NO ACTION
    ON UPDATE NO ACTION,
  CONSTRAINT `fk_user_info_district_master1`
    FOREIGN KEY (`district_master_district_id`)
    REFERENCES `csdb`.`district_master` (`district_id`)
    ON DELETE NO ACTION
    ON UPDATE NO ACTION)
ENGINE = InnoDB;


SET SQL_MODE=@OLD_SQL_MODE;
SET FOREIGN_KEY_CHECKS=@OLD_FOREIGN_KEY_CHECKS;
SET UNIQUE_CHECKS=@OLD_UNIQUE_CHECKS;

-- -----------------------------------------------------
-- Data for table `csdb`.`groups_table`
-- -----------------------------------------------------
START TRANSACTION;
USE `csdb`;
INSERT INTO `csdb`.`groups_table` (`group_id`, `group_name`) VALUES ('vo', 'Volunteer');
INSERT INTO `csdb`.`groups_table` (`group_id`, `group_name`) VALUES ('us', 'User');
INSERT INTO `csdb`.`groups_table` (`group_id`, `group_name`) VALUES ('or', 'Organization');
INSERT INTO `csdb`.`groups_table` (`group_id`, `group_name`) VALUES ('ts', 'Technical Staff');
INSERT INTO `csdb`.`groups_table` (`group_id`, `group_name`) VALUES ('ad', 'Admin');

COMMIT;


-- -----------------------------------------------------
-- Data for table `csdb`.`country_master`
-- -----------------------------------------------------
START TRANSACTION;
USE `csdb`;
INSERT INTO `csdb`.`country_master` (`country_code`, `country_name`, `latitude`, `longitude`) VALUES ('﻿AD', 'Andorra', 42.546245, 1.601554);
INSERT INTO `csdb`.`country_master` (`country_code`, `country_name`, `latitude`, `longitude`) VALUES ('AE', 'United Arab Emirates', 23.424076, 53.847818);
INSERT INTO `csdb`.`country_master` (`country_code`, `country_name`, `latitude`, `longitude`) VALUES ('AF', 'Afghanistan', 33.93911, 67.709953);
INSERT INTO `csdb`.`country_master` (`country_code`, `country_name`, `latitude`, `longitude`) VALUES ('AG', 'Antigua and Barbuda', 17.060816, -61.796428);
INSERT INTO `csdb`.`country_master` (`country_code`, `country_name`, `latitude`, `longitude`) VALUES ('AI', 'Anguilla', 18.220554, -63.068615);
INSERT INTO `csdb`.`country_master` (`country_code`, `country_name`, `latitude`, `longitude`) VALUES ('AL', 'Albania', 41.153332, 20.168331);
INSERT INTO `csdb`.`country_master` (`country_code`, `country_name`, `latitude`, `longitude`) VALUES ('AM', 'Armenia', 40.069099, 45.038189);
INSERT INTO `csdb`.`country_master` (`country_code`, `country_name`, `latitude`, `longitude`) VALUES ('AN', 'Netherlands Antilles', 12.226079, -69.060087);
INSERT INTO `csdb`.`country_master` (`country_code`, `country_name`, `latitude`, `longitude`) VALUES ('AO', 'Angola', -11.202692, 17.873887);
INSERT INTO `csdb`.`country_master` (`country_code`, `country_name`, `latitude`, `longitude`) VALUES ('AQ', 'Antarctica', -75.250973, -0.071389);
INSERT INTO `csdb`.`country_master` (`country_code`, `country_name`, `latitude`, `longitude`) VALUES ('AR', 'Argentina', -38.416097, -63.616672);
INSERT INTO `csdb`.`country_master` (`country_code`, `country_name`, `latitude`, `longitude`) VALUES ('AS', 'American Samoa', -14.270972, -170.132217);
INSERT INTO `csdb`.`country_master` (`country_code`, `country_name`, `latitude`, `longitude`) VALUES ('AT', 'Austria', 47.516231, 14.550072);
INSERT INTO `csdb`.`country_master` (`country_code`, `country_name`, `latitude`, `longitude`) VALUES ('AU', 'Australia', -25.274398, 133.775136);
INSERT INTO `csdb`.`country_master` (`country_code`, `country_name`, `latitude`, `longitude`) VALUES ('AW', 'Aruba', 12.52111, -69.968338);
INSERT INTO `csdb`.`country_master` (`country_code`, `country_name`, `latitude`, `longitude`) VALUES ('AZ', 'Azerbaijan', 40.143105, 47.576927);
INSERT INTO `csdb`.`country_master` (`country_code`, `country_name`, `latitude`, `longitude`) VALUES ('BA', 'Bosnia and Herzegovina', 43.915886, 17.679076);
INSERT INTO `csdb`.`country_master` (`country_code`, `country_name`, `latitude`, `longitude`) VALUES ('BB', 'Barbados', 13.193887, -59.543198);
INSERT INTO `csdb`.`country_master` (`country_code`, `country_name`, `latitude`, `longitude`) VALUES ('BD', 'Bangladesh', 23.684994, 90.356331);
INSERT INTO `csdb`.`country_master` (`country_code`, `country_name`, `latitude`, `longitude`) VALUES ('BE', 'Belgium', 50.503887, 4.469936);
INSERT INTO `csdb`.`country_master` (`country_code`, `country_name`, `latitude`, `longitude`) VALUES ('BF', 'Burkina Faso', 12.238333, -1.561593);
INSERT INTO `csdb`.`country_master` (`country_code`, `country_name`, `latitude`, `longitude`) VALUES ('BG', 'Bulgaria', 42.733883, 25.48583);
INSERT INTO `csdb`.`country_master` (`country_code`, `country_name`, `latitude`, `longitude`) VALUES ('BH', 'Bahrain', 25.930414, 50.637772);
INSERT INTO `csdb`.`country_master` (`country_code`, `country_name`, `latitude`, `longitude`) VALUES ('BI', 'Burundi', -3.373056, 29.918886);
INSERT INTO `csdb`.`country_master` (`country_code`, `country_name`, `latitude`, `longitude`) VALUES ('BJ', 'Benin', 9.30769, 2.315834);
INSERT INTO `csdb`.`country_master` (`country_code`, `country_name`, `latitude`, `longitude`) VALUES ('BM', 'Bermuda', 32.321384, -64.75737);
INSERT INTO `csdb`.`country_master` (`country_code`, `country_name`, `latitude`, `longitude`) VALUES ('BN', 'Brunei', 4.535277, 114.727669);
INSERT INTO `csdb`.`country_master` (`country_code`, `country_name`, `latitude`, `longitude`) VALUES ('BO', 'Bolivia', -16.290154, -63.588653);
INSERT INTO `csdb`.`country_master` (`country_code`, `country_name`, `latitude`, `longitude`) VALUES ('BR', 'Brazil', -14.235004, -51.92528);
INSERT INTO `csdb`.`country_master` (`country_code`, `country_name`, `latitude`, `longitude`) VALUES ('BS', 'Bahamas', 25.03428, -77.39628);
INSERT INTO `csdb`.`country_master` (`country_code`, `country_name`, `latitude`, `longitude`) VALUES ('BT', 'Bhutan', 27.514162, 90.433601);
INSERT INTO `csdb`.`country_master` (`country_code`, `country_name`, `latitude`, `longitude`) VALUES ('BV', 'Bouvet Island', -54.423199, 3.413194);
INSERT INTO `csdb`.`country_master` (`country_code`, `country_name`, `latitude`, `longitude`) VALUES ('BW', 'Botswana', -22.328474, 24.684866);
INSERT INTO `csdb`.`country_master` (`country_code`, `country_name`, `latitude`, `longitude`) VALUES ('BY', 'Belarus', 53.709807, 27.953389);
INSERT INTO `csdb`.`country_master` (`country_code`, `country_name`, `latitude`, `longitude`) VALUES ('BZ', 'Belize', 17.189877, -88.49765);
INSERT INTO `csdb`.`country_master` (`country_code`, `country_name`, `latitude`, `longitude`) VALUES ('CA', 'Canada', 56.130366, -106.346771);
INSERT INTO `csdb`.`country_master` (`country_code`, `country_name`, `latitude`, `longitude`) VALUES ('CC', 'Cocos [Keeling] Islands', -12.164165, 96.870956);
INSERT INTO `csdb`.`country_master` (`country_code`, `country_name`, `latitude`, `longitude`) VALUES ('CD', 'Congo [DRC]', -4.038333, 21.758664);
INSERT INTO `csdb`.`country_master` (`country_code`, `country_name`, `latitude`, `longitude`) VALUES ('CF', 'Central African Republic', 6.611111, 20.939444);
INSERT INTO `csdb`.`country_master` (`country_code`, `country_name`, `latitude`, `longitude`) VALUES ('CG', 'Congo [Republic]', -0.228021, 15.827659);
INSERT INTO `csdb`.`country_master` (`country_code`, `country_name`, `latitude`, `longitude`) VALUES ('CH', 'Switzerland', 46.818188, 8.227512);
INSERT INTO `csdb`.`country_master` (`country_code`, `country_name`, `latitude`, `longitude`) VALUES ('CI', 'Côte d\'Ivoire', 7.539989, -5.54708);
INSERT INTO `csdb`.`country_master` (`country_code`, `country_name`, `latitude`, `longitude`) VALUES ('CK', 'Cook Islands', -21.236736, -159.777671);
INSERT INTO `csdb`.`country_master` (`country_code`, `country_name`, `latitude`, `longitude`) VALUES ('CL', 'Chile', -35.675147, -71.542969);
INSERT INTO `csdb`.`country_master` (`country_code`, `country_name`, `latitude`, `longitude`) VALUES ('CM', 'Cameroon', 7.369722, 12.354722);
INSERT INTO `csdb`.`country_master` (`country_code`, `country_name`, `latitude`, `longitude`) VALUES ('CN', 'China', 35.86166, 104.195397);
INSERT INTO `csdb`.`country_master` (`country_code`, `country_name`, `latitude`, `longitude`) VALUES ('CO', 'Colombia', 4.570868, -74.297333);
INSERT INTO `csdb`.`country_master` (`country_code`, `country_name`, `latitude`, `longitude`) VALUES ('CR', 'Costa Rica', 9.748917, -83.753428);
INSERT INTO `csdb`.`country_master` (`country_code`, `country_name`, `latitude`, `longitude`) VALUES ('CU', 'Cuba', 21.521757, -77.781167);
INSERT INTO `csdb`.`country_master` (`country_code`, `country_name`, `latitude`, `longitude`) VALUES ('CV', 'Cape Verde', 16.002082, -24.013197);
INSERT INTO `csdb`.`country_master` (`country_code`, `country_name`, `latitude`, `longitude`) VALUES ('CX', 'Christmas Island', -10.447525, 105.690449);
INSERT INTO `csdb`.`country_master` (`country_code`, `country_name`, `latitude`, `longitude`) VALUES ('CY', 'Cyprus', 35.126413, 33.429859);
INSERT INTO `csdb`.`country_master` (`country_code`, `country_name`, `latitude`, `longitude`) VALUES ('CZ', 'Czech Republic', 49.817492, 15.472962);
INSERT INTO `csdb`.`country_master` (`country_code`, `country_name`, `latitude`, `longitude`) VALUES ('DE', 'Germany', 51.165691, 10.451526);
INSERT INTO `csdb`.`country_master` (`country_code`, `country_name`, `latitude`, `longitude`) VALUES ('DJ', 'Djibouti', 11.825138, 42.590275);
INSERT INTO `csdb`.`country_master` (`country_code`, `country_name`, `latitude`, `longitude`) VALUES ('DK', 'Denmark', 56.26392, 9.501785);
INSERT INTO `csdb`.`country_master` (`country_code`, `country_name`, `latitude`, `longitude`) VALUES ('DM', 'Dominica', 15.414999, -61.370976);
INSERT INTO `csdb`.`country_master` (`country_code`, `country_name`, `latitude`, `longitude`) VALUES ('DO', 'Dominican Republic', 18.735693, -70.162651);
INSERT INTO `csdb`.`country_master` (`country_code`, `country_name`, `latitude`, `longitude`) VALUES ('DZ', 'Algeria', 28.033886, 1.659626);
INSERT INTO `csdb`.`country_master` (`country_code`, `country_name`, `latitude`, `longitude`) VALUES ('EC', 'Ecuador', -1.831239, -78.183406);
INSERT INTO `csdb`.`country_master` (`country_code`, `country_name`, `latitude`, `longitude`) VALUES ('EE', 'Estonia', 58.595272, 25.013607);
INSERT INTO `csdb`.`country_master` (`country_code`, `country_name`, `latitude`, `longitude`) VALUES ('EG', 'Egypt', 26.820553, 30.802498);
INSERT INTO `csdb`.`country_master` (`country_code`, `country_name`, `latitude`, `longitude`) VALUES ('EH', 'Western Sahara', 24.215527, -12.885834);
INSERT INTO `csdb`.`country_master` (`country_code`, `country_name`, `latitude`, `longitude`) VALUES ('ER', 'Eritrea', 15.179384, 39.782334);
INSERT INTO `csdb`.`country_master` (`country_code`, `country_name`, `latitude`, `longitude`) VALUES ('ES', 'Spain', 40.463667, -3.74922);
INSERT INTO `csdb`.`country_master` (`country_code`, `country_name`, `latitude`, `longitude`) VALUES ('ET', 'Ethiopia', 9.145, 40.489673);
INSERT INTO `csdb`.`country_master` (`country_code`, `country_name`, `latitude`, `longitude`) VALUES ('FI', 'Finland', 61.92411, 25.748151);
INSERT INTO `csdb`.`country_master` (`country_code`, `country_name`, `latitude`, `longitude`) VALUES ('FJ', 'Fiji', -16.578193, 179.414413);
INSERT INTO `csdb`.`country_master` (`country_code`, `country_name`, `latitude`, `longitude`) VALUES ('FK', 'Falkland Islands [Islas Malvinas]', -51.796253, -59.523613);
INSERT INTO `csdb`.`country_master` (`country_code`, `country_name`, `latitude`, `longitude`) VALUES ('FM', 'Micronesia', 7.425554, 150.550812);
INSERT INTO `csdb`.`country_master` (`country_code`, `country_name`, `latitude`, `longitude`) VALUES ('FO', 'Faroe Islands', 61.892635, -6.911806);
INSERT INTO `csdb`.`country_master` (`country_code`, `country_name`, `latitude`, `longitude`) VALUES ('FR', 'France', 46.227638, 2.213749);
INSERT INTO `csdb`.`country_master` (`country_code`, `country_name`, `latitude`, `longitude`) VALUES ('GA', 'Gabon', -0.803689, 11.609444);
INSERT INTO `csdb`.`country_master` (`country_code`, `country_name`, `latitude`, `longitude`) VALUES ('GB', 'United Kingdom', 55.378051, -3.435973);
INSERT INTO `csdb`.`country_master` (`country_code`, `country_name`, `latitude`, `longitude`) VALUES ('GD', 'Grenada', 12.262776, -61.604171);
INSERT INTO `csdb`.`country_master` (`country_code`, `country_name`, `latitude`, `longitude`) VALUES ('GE', 'Georgia', 42.315407, 43.356892);
INSERT INTO `csdb`.`country_master` (`country_code`, `country_name`, `latitude`, `longitude`) VALUES ('GF', 'French Guiana', 3.933889, -53.125782);
INSERT INTO `csdb`.`country_master` (`country_code`, `country_name`, `latitude`, `longitude`) VALUES ('GG', 'Guernsey', 49.465691, -2.585278);
INSERT INTO `csdb`.`country_master` (`country_code`, `country_name`, `latitude`, `longitude`) VALUES ('GH', 'Ghana', 7.946527, -1.023194);
INSERT INTO `csdb`.`country_master` (`country_code`, `country_name`, `latitude`, `longitude`) VALUES ('GI', 'Gibraltar', 36.137741, -5.345374);
INSERT INTO `csdb`.`country_master` (`country_code`, `country_name`, `latitude`, `longitude`) VALUES ('GL', 'Greenland', 71.706936, -42.604303);
INSERT INTO `csdb`.`country_master` (`country_code`, `country_name`, `latitude`, `longitude`) VALUES ('GM', 'Gambia', 13.443182, -15.310139);
INSERT INTO `csdb`.`country_master` (`country_code`, `country_name`, `latitude`, `longitude`) VALUES ('GN', 'Guinea', 9.945587, -9.696645);
INSERT INTO `csdb`.`country_master` (`country_code`, `country_name`, `latitude`, `longitude`) VALUES ('GP', 'Guadeloupe', 16.995971, -62.067641);
INSERT INTO `csdb`.`country_master` (`country_code`, `country_name`, `latitude`, `longitude`) VALUES ('GQ', 'Equatorial Guinea', 1.650801, 10.267895);
INSERT INTO `csdb`.`country_master` (`country_code`, `country_name`, `latitude`, `longitude`) VALUES ('GR', 'Greece', 39.074208, 21.824312);
INSERT INTO `csdb`.`country_master` (`country_code`, `country_name`, `latitude`, `longitude`) VALUES ('GS', 'South Georgia and the South Sandwich Islands', -54.429579, -36.587909);
INSERT INTO `csdb`.`country_master` (`country_code`, `country_name`, `latitude`, `longitude`) VALUES ('GT', 'Guatemala', 15.783471, -90.230759);
INSERT INTO `csdb`.`country_master` (`country_code`, `country_name`, `latitude`, `longitude`) VALUES ('GU', 'Guam', 13.444304, 144.793731);
INSERT INTO `csdb`.`country_master` (`country_code`, `country_name`, `latitude`, `longitude`) VALUES ('GW', 'Guinea-Bissau', 11.803749, -15.180413);
INSERT INTO `csdb`.`country_master` (`country_code`, `country_name`, `latitude`, `longitude`) VALUES ('GY', 'Guyana', 4.860416, -58.93018);
INSERT INTO `csdb`.`country_master` (`country_code`, `country_name`, `latitude`, `longitude`) VALUES ('GZ', 'Gaza Strip', 31.354676, 34.308825);
INSERT INTO `csdb`.`country_master` (`country_code`, `country_name`, `latitude`, `longitude`) VALUES ('HK', 'Hong Kong', 22.396428, 114.109497);
INSERT INTO `csdb`.`country_master` (`country_code`, `country_name`, `latitude`, `longitude`) VALUES ('HM', 'Heard Island and McDonald Islands', -53.08181, 73.504158);
INSERT INTO `csdb`.`country_master` (`country_code`, `country_name`, `latitude`, `longitude`) VALUES ('HN', 'Honduras', 15.199999, -86.241905);
INSERT INTO `csdb`.`country_master` (`country_code`, `country_name`, `latitude`, `longitude`) VALUES ('HR', 'Croatia', 45.1, 15.2);
INSERT INTO `csdb`.`country_master` (`country_code`, `country_name`, `latitude`, `longitude`) VALUES ('HT', 'Haiti', 18.971187, -72.285215);
INSERT INTO `csdb`.`country_master` (`country_code`, `country_name`, `latitude`, `longitude`) VALUES ('HU', 'Hungary', 47.162494, 19.503304);
INSERT INTO `csdb`.`country_master` (`country_code`, `country_name`, `latitude`, `longitude`) VALUES ('ID', 'Indonesia', -0.789275, 113.921327);
INSERT INTO `csdb`.`country_master` (`country_code`, `country_name`, `latitude`, `longitude`) VALUES ('IE', 'Ireland', 53.41291, -8.24389);
INSERT INTO `csdb`.`country_master` (`country_code`, `country_name`, `latitude`, `longitude`) VALUES ('IL', 'Israel', 31.046051, 34.851612);
INSERT INTO `csdb`.`country_master` (`country_code`, `country_name`, `latitude`, `longitude`) VALUES ('IM', 'Isle of Man', 54.236107, -4.548056);
INSERT INTO `csdb`.`country_master` (`country_code`, `country_name`, `latitude`, `longitude`) VALUES ('IN', 'India', 20.593684, 78.96288);
INSERT INTO `csdb`.`country_master` (`country_code`, `country_name`, `latitude`, `longitude`) VALUES ('IO', 'British Indian Ocean Territory', -6.343194, 71.876519);
INSERT INTO `csdb`.`country_master` (`country_code`, `country_name`, `latitude`, `longitude`) VALUES ('IQ', 'Iraq', 33.223191, 43.679291);
INSERT INTO `csdb`.`country_master` (`country_code`, `country_name`, `latitude`, `longitude`) VALUES ('IR', 'Iran', 32.427908, 53.688046);
INSERT INTO `csdb`.`country_master` (`country_code`, `country_name`, `latitude`, `longitude`) VALUES ('IS', 'Iceland', 64.963051, -19.020835);
INSERT INTO `csdb`.`country_master` (`country_code`, `country_name`, `latitude`, `longitude`) VALUES ('IT', 'Italy', 41.87194, 12.56738);
INSERT INTO `csdb`.`country_master` (`country_code`, `country_name`, `latitude`, `longitude`) VALUES ('JE', 'Jersey', 49.214439, -2.13125);
INSERT INTO `csdb`.`country_master` (`country_code`, `country_name`, `latitude`, `longitude`) VALUES ('JM', 'Jamaica', 18.109581, -77.297508);
INSERT INTO `csdb`.`country_master` (`country_code`, `country_name`, `latitude`, `longitude`) VALUES ('JO', 'Jordan', 30.585164, 36.238414);
INSERT INTO `csdb`.`country_master` (`country_code`, `country_name`, `latitude`, `longitude`) VALUES ('JP', 'Japan', 36.204824, 138.252924);
INSERT INTO `csdb`.`country_master` (`country_code`, `country_name`, `latitude`, `longitude`) VALUES ('KE', 'Kenya', -0.023559, 37.906193);
INSERT INTO `csdb`.`country_master` (`country_code`, `country_name`, `latitude`, `longitude`) VALUES ('KG', 'Kyrgyzstan', 41.20438, 74.766098);
INSERT INTO `csdb`.`country_master` (`country_code`, `country_name`, `latitude`, `longitude`) VALUES ('KH', 'Cambodia', 12.565679, 104.990963);
INSERT INTO `csdb`.`country_master` (`country_code`, `country_name`, `latitude`, `longitude`) VALUES ('KI', 'Kiribati', -3.370417, -168.734039);
INSERT INTO `csdb`.`country_master` (`country_code`, `country_name`, `latitude`, `longitude`) VALUES ('KM', 'Comoros', -11.875001, 43.872219);
INSERT INTO `csdb`.`country_master` (`country_code`, `country_name`, `latitude`, `longitude`) VALUES ('KN', 'Saint Kitts and Nevis', 17.357822, -62.782998);
INSERT INTO `csdb`.`country_master` (`country_code`, `country_name`, `latitude`, `longitude`) VALUES ('KP', 'North Korea', 40.339852, 127.510093);
INSERT INTO `csdb`.`country_master` (`country_code`, `country_name`, `latitude`, `longitude`) VALUES ('KR', 'South Korea', 35.907757, 127.766922);
INSERT INTO `csdb`.`country_master` (`country_code`, `country_name`, `latitude`, `longitude`) VALUES ('KW', 'Kuwait', 29.31166, 47.481766);
INSERT INTO `csdb`.`country_master` (`country_code`, `country_name`, `latitude`, `longitude`) VALUES ('KY', 'Cayman Islands', 19.513469, -80.566956);
INSERT INTO `csdb`.`country_master` (`country_code`, `country_name`, `latitude`, `longitude`) VALUES ('KZ', 'Kazakhstan', 48.019573, 66.923684);
INSERT INTO `csdb`.`country_master` (`country_code`, `country_name`, `latitude`, `longitude`) VALUES ('LA', 'Laos', 19.85627, 102.495496);
INSERT INTO `csdb`.`country_master` (`country_code`, `country_name`, `latitude`, `longitude`) VALUES ('LB', 'Lebanon', 33.854721, 35.862285);
INSERT INTO `csdb`.`country_master` (`country_code`, `country_name`, `latitude`, `longitude`) VALUES ('LC', 'Saint Lucia', 13.909444, -60.978893);
INSERT INTO `csdb`.`country_master` (`country_code`, `country_name`, `latitude`, `longitude`) VALUES ('LI', 'Liechtenstein', 47.166, 9.555373);
INSERT INTO `csdb`.`country_master` (`country_code`, `country_name`, `latitude`, `longitude`) VALUES ('LK', 'Sri Lanka', 7.873054, 80.771797);
INSERT INTO `csdb`.`country_master` (`country_code`, `country_name`, `latitude`, `longitude`) VALUES ('LR', 'Liberia', 6.428055, -9.429499);
INSERT INTO `csdb`.`country_master` (`country_code`, `country_name`, `latitude`, `longitude`) VALUES ('LS', 'Lesotho', -29.609988, 28.233608);
INSERT INTO `csdb`.`country_master` (`country_code`, `country_name`, `latitude`, `longitude`) VALUES ('LT', 'Lithuania', 55.169438, 23.881275);
INSERT INTO `csdb`.`country_master` (`country_code`, `country_name`, `latitude`, `longitude`) VALUES ('LU', 'Luxembourg', 49.815273, 6.129583);
INSERT INTO `csdb`.`country_master` (`country_code`, `country_name`, `latitude`, `longitude`) VALUES ('LV', 'Latvia', 56.879635, 24.603189);
INSERT INTO `csdb`.`country_master` (`country_code`, `country_name`, `latitude`, `longitude`) VALUES ('LY', 'Libya', 26.3351, 17.228331);
INSERT INTO `csdb`.`country_master` (`country_code`, `country_name`, `latitude`, `longitude`) VALUES ('MA', 'Morocco', 31.791702, -7.09262);
INSERT INTO `csdb`.`country_master` (`country_code`, `country_name`, `latitude`, `longitude`) VALUES ('MC', 'Monaco', 43.750298, 7.412841);
INSERT INTO `csdb`.`country_master` (`country_code`, `country_name`, `latitude`, `longitude`) VALUES ('MD', 'Moldova', 47.411631, 28.369885);
INSERT INTO `csdb`.`country_master` (`country_code`, `country_name`, `latitude`, `longitude`) VALUES ('ME', 'Montenegro', 42.708678, 19.37439);
INSERT INTO `csdb`.`country_master` (`country_code`, `country_name`, `latitude`, `longitude`) VALUES ('MG', 'Madagascar', -18.766947, 46.869107);
INSERT INTO `csdb`.`country_master` (`country_code`, `country_name`, `latitude`, `longitude`) VALUES ('MH', 'Marshall Islands', 7.131474, 171.184478);
INSERT INTO `csdb`.`country_master` (`country_code`, `country_name`, `latitude`, `longitude`) VALUES ('MK', 'Macedonia [FYROM]', 41.608635, 21.745275);
INSERT INTO `csdb`.`country_master` (`country_code`, `country_name`, `latitude`, `longitude`) VALUES ('ML', 'Mali', 17.570692, -3.996166);
INSERT INTO `csdb`.`country_master` (`country_code`, `country_name`, `latitude`, `longitude`) VALUES ('MM', 'Myanmar [Burma]', 21.913965, 95.956223);
INSERT INTO `csdb`.`country_master` (`country_code`, `country_name`, `latitude`, `longitude`) VALUES ('MN', 'Mongolia', 46.862496, 103.846656);
INSERT INTO `csdb`.`country_master` (`country_code`, `country_name`, `latitude`, `longitude`) VALUES ('MO', 'Macau', 22.198745, 113.543873);
INSERT INTO `csdb`.`country_master` (`country_code`, `country_name`, `latitude`, `longitude`) VALUES ('MP', 'Northern Mariana Islands', 17.33083, 145.38469);
INSERT INTO `csdb`.`country_master` (`country_code`, `country_name`, `latitude`, `longitude`) VALUES ('MQ', 'Martinique', 14.641528, -61.024174);
INSERT INTO `csdb`.`country_master` (`country_code`, `country_name`, `latitude`, `longitude`) VALUES ('MR', 'Mauritania', 21.00789, -10.940835);
INSERT INTO `csdb`.`country_master` (`country_code`, `country_name`, `latitude`, `longitude`) VALUES ('MS', 'Montserrat', 16.742498, -62.187366);
INSERT INTO `csdb`.`country_master` (`country_code`, `country_name`, `latitude`, `longitude`) VALUES ('MT', 'Malta', 35.937496, 14.375416);
INSERT INTO `csdb`.`country_master` (`country_code`, `country_name`, `latitude`, `longitude`) VALUES ('MU', 'Mauritius', -20.348404, 57.552152);
INSERT INTO `csdb`.`country_master` (`country_code`, `country_name`, `latitude`, `longitude`) VALUES ('MV', 'Maldives', 3.202778, 73.22068);
INSERT INTO `csdb`.`country_master` (`country_code`, `country_name`, `latitude`, `longitude`) VALUES ('MW', 'Malawi', -13.254308, 34.301525);
INSERT INTO `csdb`.`country_master` (`country_code`, `country_name`, `latitude`, `longitude`) VALUES ('MX', 'Mexico', 23.634501, -102.552784);
INSERT INTO `csdb`.`country_master` (`country_code`, `country_name`, `latitude`, `longitude`) VALUES ('MY', 'Malaysia', 4.210484, 101.975766);
INSERT INTO `csdb`.`country_master` (`country_code`, `country_name`, `latitude`, `longitude`) VALUES ('MZ', 'Mozambique', -18.665695, 35.529562);
INSERT INTO `csdb`.`country_master` (`country_code`, `country_name`, `latitude`, `longitude`) VALUES ('NA', 'Namibia', -22.95764, 18.49041);
INSERT INTO `csdb`.`country_master` (`country_code`, `country_name`, `latitude`, `longitude`) VALUES ('NC', 'New Caledonia', -20.904305, 165.618042);
INSERT INTO `csdb`.`country_master` (`country_code`, `country_name`, `latitude`, `longitude`) VALUES ('NE', 'Niger', 17.607789, 8.081666);
INSERT INTO `csdb`.`country_master` (`country_code`, `country_name`, `latitude`, `longitude`) VALUES ('NF', 'Norfolk Island', -29.040835, 167.954712);
INSERT INTO `csdb`.`country_master` (`country_code`, `country_name`, `latitude`, `longitude`) VALUES ('NG', 'Nigeria', 9.081999, 8.675277);
INSERT INTO `csdb`.`country_master` (`country_code`, `country_name`, `latitude`, `longitude`) VALUES ('NI', 'Nicaragua', 12.865416, -85.207229);
INSERT INTO `csdb`.`country_master` (`country_code`, `country_name`, `latitude`, `longitude`) VALUES ('NL', 'Netherlands', 52.132633, 5.291266);
INSERT INTO `csdb`.`country_master` (`country_code`, `country_name`, `latitude`, `longitude`) VALUES ('NO', 'Norway', 60.472024, 8.468946);
INSERT INTO `csdb`.`country_master` (`country_code`, `country_name`, `latitude`, `longitude`) VALUES ('NP', 'Nepal', 28.394857, 84.124008);
INSERT INTO `csdb`.`country_master` (`country_code`, `country_name`, `latitude`, `longitude`) VALUES ('NR', 'Nauru', -0.522778, 166.931503);
INSERT INTO `csdb`.`country_master` (`country_code`, `country_name`, `latitude`, `longitude`) VALUES ('NU', 'Niue', -19.054445, -169.867233);
INSERT INTO `csdb`.`country_master` (`country_code`, `country_name`, `latitude`, `longitude`) VALUES ('NZ', 'New Zealand', -40.900557, 174.885971);
INSERT INTO `csdb`.`country_master` (`country_code`, `country_name`, `latitude`, `longitude`) VALUES ('OM', 'Oman', 21.512583, 55.923255);
INSERT INTO `csdb`.`country_master` (`country_code`, `country_name`, `latitude`, `longitude`) VALUES ('PA', 'Panama', 8.537981, -80.782127);
INSERT INTO `csdb`.`country_master` (`country_code`, `country_name`, `latitude`, `longitude`) VALUES ('PE', 'Peru', -9.189967, -75.015152);
INSERT INTO `csdb`.`country_master` (`country_code`, `country_name`, `latitude`, `longitude`) VALUES ('PF', 'French Polynesia', -17.679742, -149.406843);
INSERT INTO `csdb`.`country_master` (`country_code`, `country_name`, `latitude`, `longitude`) VALUES ('PG', 'Papua New Guinea', -6.314993, 143.95555);
INSERT INTO `csdb`.`country_master` (`country_code`, `country_name`, `latitude`, `longitude`) VALUES ('PH', 'Philippines', 12.879721, 121.774017);
INSERT INTO `csdb`.`country_master` (`country_code`, `country_name`, `latitude`, `longitude`) VALUES ('PK', 'Pakistan', 30.375321, 69.345116);
INSERT INTO `csdb`.`country_master` (`country_code`, `country_name`, `latitude`, `longitude`) VALUES ('PL', 'Poland', 51.919438, 19.145136);
INSERT INTO `csdb`.`country_master` (`country_code`, `country_name`, `latitude`, `longitude`) VALUES ('PM', 'Saint Pierre and Miquelon', 46.941936, -56.27111);
INSERT INTO `csdb`.`country_master` (`country_code`, `country_name`, `latitude`, `longitude`) VALUES ('PN', 'Pitcairn Islands', -24.703615, -127.439308);
INSERT INTO `csdb`.`country_master` (`country_code`, `country_name`, `latitude`, `longitude`) VALUES ('PR', 'Puerto Rico', 18.220833, -66.590149);
INSERT INTO `csdb`.`country_master` (`country_code`, `country_name`, `latitude`, `longitude`) VALUES ('PS', 'Palestinian Territories', 31.952162, 35.233154);
INSERT INTO `csdb`.`country_master` (`country_code`, `country_name`, `latitude`, `longitude`) VALUES ('PT', 'Portugal', 39.399872, -8.224454);
INSERT INTO `csdb`.`country_master` (`country_code`, `country_name`, `latitude`, `longitude`) VALUES ('PW', 'Palau', 7.51498, 134.58252);
INSERT INTO `csdb`.`country_master` (`country_code`, `country_name`, `latitude`, `longitude`) VALUES ('PY', 'Paraguay', -23.442503, -58.443832);
INSERT INTO `csdb`.`country_master` (`country_code`, `country_name`, `latitude`, `longitude`) VALUES ('QA', 'Qatar', 25.354826, 51.183884);
INSERT INTO `csdb`.`country_master` (`country_code`, `country_name`, `latitude`, `longitude`) VALUES ('RE', 'Réunion', -21.115141, 55.536384);
INSERT INTO `csdb`.`country_master` (`country_code`, `country_name`, `latitude`, `longitude`) VALUES ('RO', 'Romania', 45.943161, 24.96676);
INSERT INTO `csdb`.`country_master` (`country_code`, `country_name`, `latitude`, `longitude`) VALUES ('RS', 'Serbia', 44.016521, 21.005859);
INSERT INTO `csdb`.`country_master` (`country_code`, `country_name`, `latitude`, `longitude`) VALUES ('RU', 'Russia', 61.52401, 105.318756);
INSERT INTO `csdb`.`country_master` (`country_code`, `country_name`, `latitude`, `longitude`) VALUES ('RW', 'Rwanda', -1.940278, 29.873888);
INSERT INTO `csdb`.`country_master` (`country_code`, `country_name`, `latitude`, `longitude`) VALUES ('SA', 'Saudi Arabia', 23.885942, 45.079162);
INSERT INTO `csdb`.`country_master` (`country_code`, `country_name`, `latitude`, `longitude`) VALUES ('SB', 'Solomon Islands', -9.64571, 160.156194);
INSERT INTO `csdb`.`country_master` (`country_code`, `country_name`, `latitude`, `longitude`) VALUES ('SC', 'Seychelles', -4.679574, 55.491977);
INSERT INTO `csdb`.`country_master` (`country_code`, `country_name`, `latitude`, `longitude`) VALUES ('SD', 'Sudan', 12.862807, 30.217636);
INSERT INTO `csdb`.`country_master` (`country_code`, `country_name`, `latitude`, `longitude`) VALUES ('SE', 'Sweden', 60.128161, 18.643501);
INSERT INTO `csdb`.`country_master` (`country_code`, `country_name`, `latitude`, `longitude`) VALUES ('SG', 'Singapore', 1.352083, 103.819836);
INSERT INTO `csdb`.`country_master` (`country_code`, `country_name`, `latitude`, `longitude`) VALUES ('SH', 'Saint Helena', -24.143474, -10.030696);
INSERT INTO `csdb`.`country_master` (`country_code`, `country_name`, `latitude`, `longitude`) VALUES ('SI', 'Slovenia', 46.151241, 14.995463);
INSERT INTO `csdb`.`country_master` (`country_code`, `country_name`, `latitude`, `longitude`) VALUES ('SJ', 'Svalbard and Jan Mayen', 77.553604, 23.670272);
INSERT INTO `csdb`.`country_master` (`country_code`, `country_name`, `latitude`, `longitude`) VALUES ('SK', 'Slovakia', 48.669026, 19.699024);
INSERT INTO `csdb`.`country_master` (`country_code`, `country_name`, `latitude`, `longitude`) VALUES ('SL', 'Sierra Leone', 8.460555, -11.779889);
INSERT INTO `csdb`.`country_master` (`country_code`, `country_name`, `latitude`, `longitude`) VALUES ('SM', 'San Marino', 43.94236, 12.457777);
INSERT INTO `csdb`.`country_master` (`country_code`, `country_name`, `latitude`, `longitude`) VALUES ('SN', 'Senegal', 14.497401, -14.452362);
INSERT INTO `csdb`.`country_master` (`country_code`, `country_name`, `latitude`, `longitude`) VALUES ('SO', 'Somalia', 5.152149, 46.199616);
INSERT INTO `csdb`.`country_master` (`country_code`, `country_name`, `latitude`, `longitude`) VALUES ('SR', 'Suriname', 3.919305, -56.027783);
INSERT INTO `csdb`.`country_master` (`country_code`, `country_name`, `latitude`, `longitude`) VALUES ('ST', 'São Tomé and Príncipe', 0.18636, 6.613081);
INSERT INTO `csdb`.`country_master` (`country_code`, `country_name`, `latitude`, `longitude`) VALUES ('SV', 'El Salvador', 13.794185, -88.89653);
INSERT INTO `csdb`.`country_master` (`country_code`, `country_name`, `latitude`, `longitude`) VALUES ('SY', 'Syria', 34.802075, 38.996815);
INSERT INTO `csdb`.`country_master` (`country_code`, `country_name`, `latitude`, `longitude`) VALUES ('SZ', 'Swaziland', -26.522503, 31.465866);
INSERT INTO `csdb`.`country_master` (`country_code`, `country_name`, `latitude`, `longitude`) VALUES ('TC', 'Turks and Caicos Islands', 21.694025, -71.797928);
INSERT INTO `csdb`.`country_master` (`country_code`, `country_name`, `latitude`, `longitude`) VALUES ('TD', 'Chad', 15.454166, 18.732207);
INSERT INTO `csdb`.`country_master` (`country_code`, `country_name`, `latitude`, `longitude`) VALUES ('TF', 'French Southern Territories', -49.280366, 69.348557);
INSERT INTO `csdb`.`country_master` (`country_code`, `country_name`, `latitude`, `longitude`) VALUES ('TG', 'Togo', 8.619543, 0.824782);
INSERT INTO `csdb`.`country_master` (`country_code`, `country_name`, `latitude`, `longitude`) VALUES ('TH', 'Thailand', 15.870032, 100.992541);
INSERT INTO `csdb`.`country_master` (`country_code`, `country_name`, `latitude`, `longitude`) VALUES ('TJ', 'Tajikistan', 38.861034, 71.276093);
INSERT INTO `csdb`.`country_master` (`country_code`, `country_name`, `latitude`, `longitude`) VALUES ('TK', 'Tokelau', -8.967363, -171.855881);
INSERT INTO `csdb`.`country_master` (`country_code`, `country_name`, `latitude`, `longitude`) VALUES ('TL', 'Timor-Leste', -8.874217, 125.727539);
INSERT INTO `csdb`.`country_master` (`country_code`, `country_name`, `latitude`, `longitude`) VALUES ('TM', 'Turkmenistan', 38.969719, 59.556278);
INSERT INTO `csdb`.`country_master` (`country_code`, `country_name`, `latitude`, `longitude`) VALUES ('TN', 'Tunisia', 33.886917, 9.537499);
INSERT INTO `csdb`.`country_master` (`country_code`, `country_name`, `latitude`, `longitude`) VALUES ('TO', 'Tonga', -21.178986, -175.198242);
INSERT INTO `csdb`.`country_master` (`country_code`, `country_name`, `latitude`, `longitude`) VALUES ('TR', 'Turkey', 38.963745, 35.243322);
INSERT INTO `csdb`.`country_master` (`country_code`, `country_name`, `latitude`, `longitude`) VALUES ('TT', 'Trinidad and Tobago', 10.691803, -61.222503);
INSERT INTO `csdb`.`country_master` (`country_code`, `country_name`, `latitude`, `longitude`) VALUES ('TV', 'Tuvalu', -7.109535, 177.64933);
INSERT INTO `csdb`.`country_master` (`country_code`, `country_name`, `latitude`, `longitude`) VALUES ('TW', 'Taiwan', 23.69781, 120.960515);
INSERT INTO `csdb`.`country_master` (`country_code`, `country_name`, `latitude`, `longitude`) VALUES ('TZ', 'Tanzania', -6.369028, 34.888822);
INSERT INTO `csdb`.`country_master` (`country_code`, `country_name`, `latitude`, `longitude`) VALUES ('UA', 'Ukraine', 48.379433, 31.16558);
INSERT INTO `csdb`.`country_master` (`country_code`, `country_name`, `latitude`, `longitude`) VALUES ('UG', 'Uganda', 1.373333, 32.290275);
INSERT INTO `csdb`.`country_master` (`country_code`, `country_name`, `latitude`, `longitude`) VALUES ('US', 'United States', 37.09024, -95.712891);
INSERT INTO `csdb`.`country_master` (`country_code`, `country_name`, `latitude`, `longitude`) VALUES ('UY', 'Uruguay', -32.522779, -55.765835);
INSERT INTO `csdb`.`country_master` (`country_code`, `country_name`, `latitude`, `longitude`) VALUES ('UZ', 'Uzbekistan', 41.377491, 64.585262);
INSERT INTO `csdb`.`country_master` (`country_code`, `country_name`, `latitude`, `longitude`) VALUES ('VA', 'Vatican City', 41.902916, 12.453389);
INSERT INTO `csdb`.`country_master` (`country_code`, `country_name`, `latitude`, `longitude`) VALUES ('VC', 'Saint Vincent and the Grenadines', 12.984305, -61.287228);
INSERT INTO `csdb`.`country_master` (`country_code`, `country_name`, `latitude`, `longitude`) VALUES ('VE', 'Venezuela', 6.42375, -66.58973);
INSERT INTO `csdb`.`country_master` (`country_code`, `country_name`, `latitude`, `longitude`) VALUES ('VG', 'British Virgin Islands', 18.420695, -64.639968);
INSERT INTO `csdb`.`country_master` (`country_code`, `country_name`, `latitude`, `longitude`) VALUES ('VI', 'U.S. Virgin Islands', 18.335765, -64.896335);
INSERT INTO `csdb`.`country_master` (`country_code`, `country_name`, `latitude`, `longitude`) VALUES ('VN', 'Vietnam', 14.058324, 108.277199);
INSERT INTO `csdb`.`country_master` (`country_code`, `country_name`, `latitude`, `longitude`) VALUES ('VU', 'Vanuatu', -15.376706, 166.959158);
INSERT INTO `csdb`.`country_master` (`country_code`, `country_name`, `latitude`, `longitude`) VALUES ('WF', 'Wallis and Futuna', -13.768752, -177.156097);
INSERT INTO `csdb`.`country_master` (`country_code`, `country_name`, `latitude`, `longitude`) VALUES ('WS', 'Samoa', -13.759029, -172.104629);
INSERT INTO `csdb`.`country_master` (`country_code`, `country_name`, `latitude`, `longitude`) VALUES ('XK', 'Kosovo', 42.602636, 20.902977);
INSERT INTO `csdb`.`country_master` (`country_code`, `country_name`, `latitude`, `longitude`) VALUES ('YE', 'Yemen', 15.552727, 48.516388);
INSERT INTO `csdb`.`country_master` (`country_code`, `country_name`, `latitude`, `longitude`) VALUES ('YT', 'Mayotte', -12.8275, 45.166244);
INSERT INTO `csdb`.`country_master` (`country_code`, `country_name`, `latitude`, `longitude`) VALUES ('ZA', 'South Africa', -30.559482, 22.937506);
INSERT INTO `csdb`.`country_master` (`country_code`, `country_name`, `latitude`, `longitude`) VALUES ('ZM', 'Zambia', -13.133897, 27.849332);
INSERT INTO `csdb`.`country_master` (`country_code`, `country_name`, `latitude`, `longitude`) VALUES ('ZW', 'Zimbabwe', -19.015438, 29.154857);

COMMIT;


-- -----------------------------------------------------
-- Data for table `csdb`.`state_master`
-- -----------------------------------------------------
START TRANSACTION;
USE `csdb`;
INSERT INTO `csdb`.`state_master` (`state_id`, `state_name`, `country_country_id`) VALUES ('AN', 'Andaman and Nicobar Island (UT)', 'IN');
INSERT INTO `csdb`.`state_master` (`state_id`, `state_name`, `country_country_id`) VALUES ('AP', 'Andhra Pradesh', 'IN');
INSERT INTO `csdb`.`state_master` (`state_id`, `state_name`, `country_country_id`) VALUES ('AR', 'Arunachal Pradesh', 'IN');
INSERT INTO `csdb`.`state_master` (`state_id`, `state_name`, `country_country_id`) VALUES ('AS', 'Assam', 'IN');
INSERT INTO `csdb`.`state_master` (`state_id`, `state_name`, `country_country_id`) VALUES ('BR', 'Bihar', 'IN');
INSERT INTO `csdb`.`state_master` (`state_id`, `state_name`, `country_country_id`) VALUES ('CH', 'Chandigarh (UT)', 'IN');
INSERT INTO `csdb`.`state_master` (`state_id`, `state_name`, `country_country_id`) VALUES ('CG', 'Chhattisgarh', 'IN');
INSERT INTO `csdb`.`state_master` (`state_id`, `state_name`, `country_country_id`) VALUES ('DN', 'Dadra and Nagar Haveli (UT)', 'IN');
INSERT INTO `csdb`.`state_master` (`state_id`, `state_name`, `country_country_id`) VALUES ('DD', 'Daman and Diu (UT)', 'IN');
INSERT INTO `csdb`.`state_master` (`state_id`, `state_name`, `country_country_id`) VALUES ('DL', 'Delhi (NCT)', 'IN');
INSERT INTO `csdb`.`state_master` (`state_id`, `state_name`, `country_country_id`) VALUES ('GA', 'Goa', 'IN');
INSERT INTO `csdb`.`state_master` (`state_id`, `state_name`, `country_country_id`) VALUES ('GJ', 'Gujarat', 'IN');
INSERT INTO `csdb`.`state_master` (`state_id`, `state_name`, `country_country_id`) VALUES ('HR', 'Haryana', 'IN');
INSERT INTO `csdb`.`state_master` (`state_id`, `state_name`, `country_country_id`) VALUES ('HP', 'Himachal Pradesh', 'IN');
INSERT INTO `csdb`.`state_master` (`state_id`, `state_name`, `country_country_id`) VALUES ('JK', 'Jammu and Kashmir', 'IN');
INSERT INTO `csdb`.`state_master` (`state_id`, `state_name`, `country_country_id`) VALUES ('JH', 'Jharkhand', 'IN');
INSERT INTO `csdb`.`state_master` (`state_id`, `state_name`, `country_country_id`) VALUES ('KA', 'Karnataka', 'IN');
INSERT INTO `csdb`.`state_master` (`state_id`, `state_name`, `country_country_id`) VALUES ('KL', 'Kerala', 'IN');
INSERT INTO `csdb`.`state_master` (`state_id`, `state_name`, `country_country_id`) VALUES ('LD', 'Lakshadweep (UT)', 'IN');
INSERT INTO `csdb`.`state_master` (`state_id`, `state_name`, `country_country_id`) VALUES ('MP', 'Madhya Pradesh', 'IN');
INSERT INTO `csdb`.`state_master` (`state_id`, `state_name`, `country_country_id`) VALUES ('MH', 'Maharashtra', 'IN');
INSERT INTO `csdb`.`state_master` (`state_id`, `state_name`, `country_country_id`) VALUES ('MN', 'Manipur', 'IN');
INSERT INTO `csdb`.`state_master` (`state_id`, `state_name`, `country_country_id`) VALUES ('ML', 'Meghalaya', 'IN');
INSERT INTO `csdb`.`state_master` (`state_id`, `state_name`, `country_country_id`) VALUES ('MZ', 'Mizoram', 'IN');
INSERT INTO `csdb`.`state_master` (`state_id`, `state_name`, `country_country_id`) VALUES ('NL', 'Nagaland', 'IN');
INSERT INTO `csdb`.`state_master` (`state_id`, `state_name`, `country_country_id`) VALUES ('OR', 'Odisha', 'IN');
INSERT INTO `csdb`.`state_master` (`state_id`, `state_name`, `country_country_id`) VALUES ('PY', 'Puducherry (UT)', 'IN');
INSERT INTO `csdb`.`state_master` (`state_id`, `state_name`, `country_country_id`) VALUES ('PB', 'Punjab', 'IN');
INSERT INTO `csdb`.`state_master` (`state_id`, `state_name`, `country_country_id`) VALUES ('RJ', 'Rajasthan', 'IN');
INSERT INTO `csdb`.`state_master` (`state_id`, `state_name`, `country_country_id`) VALUES ('SK', 'Sikkim', 'IN');
INSERT INTO `csdb`.`state_master` (`state_id`, `state_name`, `country_country_id`) VALUES ('TN', 'Tamil Nadu', 'IN');
INSERT INTO `csdb`.`state_master` (`state_id`, `state_name`, `country_country_id`) VALUES ('TG', 'Telangana', 'IN');
INSERT INTO `csdb`.`state_master` (`state_id`, `state_name`, `country_country_id`) VALUES ('TR', 'Tripura', 'IN');
INSERT INTO `csdb`.`state_master` (`state_id`, `state_name`, `country_country_id`) VALUES ('UK', 'Uttarakhand', 'IN');
INSERT INTO `csdb`.`state_master` (`state_id`, `state_name`, `country_country_id`) VALUES ('UP', 'Uttar Pradesh', 'IN');
INSERT INTO `csdb`.`state_master` (`state_id`, `state_name`, `country_country_id`) VALUES ('WB', 'West Bengal', 'IN');

COMMIT;


-- -----------------------------------------------------
-- Data for table `csdb`.`district_master`
-- -----------------------------------------------------
START TRANSACTION;
USE `csdb`;
INSERT INTO `csdb`.`district_master` (`district_id`, `district_name`, `state_state_id`) VALUES ('AN002', 'Nicobar', 'AN');
INSERT INTO `csdb`.`district_master` (`district_id`, `district_name`, `state_state_id`) VALUES ('AN001', 'North and Middle Andaman', 'AN');
INSERT INTO `csdb`.`district_master` (`district_id`, `district_name`, `state_state_id`) VALUES ('AN003', 'South Andaman', 'AN');
INSERT INTO `csdb`.`district_master` (`district_id`, `district_name`, `state_state_id`) VALUES ('AP012', 'Anantapur', 'AP');
INSERT INTO `csdb`.`district_master` (`district_id`, `district_name`, `state_state_id`) VALUES ('AP010', 'Chittoor', 'AP');
INSERT INTO `csdb`.`district_master` (`district_id`, `district_name`, `state_state_id`) VALUES ('AP004', 'East Godavari', 'AP');
INSERT INTO `csdb`.`district_master` (`district_id`, `district_name`, `state_state_id`) VALUES ('AP007', 'Guntur', 'AP');
INSERT INTO `csdb`.`district_master` (`district_id`, `district_name`, `state_state_id`) VALUES ('AP006', 'Krishna', 'AP');
INSERT INTO `csdb`.`district_master` (`district_id`, `district_name`, `state_state_id`) VALUES ('AP013', 'Kurnool', 'AP');
INSERT INTO `csdb`.`district_master` (`district_id`, `district_name`, `state_state_id`) VALUES ('AP008', 'Prakasam', 'AP');
INSERT INTO `csdb`.`district_master` (`district_id`, `district_name`, `state_state_id`) VALUES ('AP001', 'Srikakulam', 'AP');
INSERT INTO `csdb`.`district_master` (`district_id`, `district_name`, `state_state_id`) VALUES ('AP009', 'Sri Potti Sriramulu Nellore', 'AP');
INSERT INTO `csdb`.`district_master` (`district_id`, `district_name`, `state_state_id`) VALUES ('AP003', 'Visakhapatnam', 'AP');
INSERT INTO `csdb`.`district_master` (`district_id`, `district_name`, `state_state_id`) VALUES ('AP002', 'Vizianagaram', 'AP');
INSERT INTO `csdb`.`district_master` (`district_id`, `district_name`, `state_state_id`) VALUES ('AP005', 'West Godavari', 'AP');
INSERT INTO `csdb`.`district_master` (`district_id`, `district_name`, `state_state_id`) VALUES ('AP011', 'YSR District', ' Kadapa (Cuddapah)');
INSERT INTO `csdb`.`district_master` (`district_id`, `district_name`, `state_state_id`) VALUES ('AR016', 'Anjaw', 'AR');
INSERT INTO `csdb`.`district_master` (`district_id`, `district_name`, `state_state_id`) VALUES ('AR001', 'Changlang', 'AR');
INSERT INTO `csdb`.`district_master` (`district_id`, `district_name`, `state_state_id`) VALUES ('AR014', 'Dibang Valley', 'AR');
INSERT INTO `csdb`.`district_master` (`district_id`, `district_name`, `state_state_id`) VALUES ('AR003', 'East Kameng', 'AR');
INSERT INTO `csdb`.`district_master` (`district_id`, `district_name`, `state_state_id`) VALUES ('AR004', 'East Siang', 'AR');
INSERT INTO `csdb`.`district_master` (`district_id`, `district_name`, `state_state_id`) VALUES ('AR022', 'Kamle', 'AR');
INSERT INTO `csdb`.`district_master` (`district_id`, `district_name`, `state_state_id`) VALUES ('AR019', 'Kra Daadi', 'AR');
INSERT INTO `csdb`.`district_master` (`district_id`, `district_name`, `state_state_id`) VALUES ('AR015', 'Kurung Kumey', 'AR');
INSERT INTO `csdb`.`district_master` (`district_id`, `district_name`, `state_state_id`) VALUES ('AR024', 'Lepa Rada', 'AR');
INSERT INTO `csdb`.`district_master` (`district_id`, `district_name`, `state_state_id`) VALUES ('AR005', 'Lohit', 'AR');
INSERT INTO `csdb`.`district_master` (`district_id`, `district_name`, `state_state_id`) VALUES ('AR017', 'Longding', 'AR');
INSERT INTO `csdb`.`district_master` (`district_id`, `district_name`, `state_state_id`) VALUES ('AR002', 'Lower Dibang Valley', 'AR');
INSERT INTO `csdb`.`district_master` (`district_id`, `district_name`, `state_state_id`) VALUES ('AR020', 'Lower Siang', 'AR');
INSERT INTO `csdb`.`district_master` (`district_id`, `district_name`, `state_state_id`) VALUES ('AR006', 'Lower Subansiri', 'AR');
INSERT INTO `csdb`.`district_master` (`district_id`, `district_name`, `state_state_id`) VALUES ('AR018', 'Namsai', 'AR');
INSERT INTO `csdb`.`district_master` (`district_id`, `district_name`, `state_state_id`) VALUES ('AR025', 'Pakke Kessang', 'AR');
INSERT INTO `csdb`.`district_master` (`district_id`, `district_name`, `state_state_id`) VALUES ('AR007', 'Papum Pare', 'AR');
INSERT INTO `csdb`.`district_master` (`district_id`, `district_name`, `state_state_id`) VALUES ('AR023', 'Shi Yomi', 'AR');
INSERT INTO `csdb`.`district_master` (`district_id`, `district_name`, `state_state_id`) VALUES ('AR021', 'Siang', 'AR');
INSERT INTO `csdb`.`district_master` (`district_id`, `district_name`, `state_state_id`) VALUES ('AR008', 'Tawang', 'AR');
INSERT INTO `csdb`.`district_master` (`district_id`, `district_name`, `state_state_id`) VALUES ('AR009', 'Tirap', 'AR');
INSERT INTO `csdb`.`district_master` (`district_id`, `district_name`, `state_state_id`) VALUES ('AR010', 'Upper Siang', 'AR');
INSERT INTO `csdb`.`district_master` (`district_id`, `district_name`, `state_state_id`) VALUES ('AR011', 'Upper Subansiri', 'AR');
INSERT INTO `csdb`.`district_master` (`district_id`, `district_name`, `state_state_id`) VALUES ('AR012', 'West Kameng', 'AR');
INSERT INTO `csdb`.`district_master` (`district_id`, `district_name`, `state_state_id`) VALUES ('AR013', 'West Siang', 'AR');
INSERT INTO `csdb`.`district_master` (`district_id`, `district_name`, `state_state_id`) VALUES ('AS025', 'Baksa', 'AS');
INSERT INTO `csdb`.`district_master` (`district_id`, `district_name`, `state_state_id`) VALUES ('AS001', 'Barpeta', 'AS');
INSERT INTO `csdb`.`district_master` (`district_id`, `district_name`, `state_state_id`) VALUES ('AS028', 'Biswanath', 'AS');
INSERT INTO `csdb`.`district_master` (`district_id`, `district_name`, `state_state_id`) VALUES ('AS002', 'Bongaigaon', 'AS');
INSERT INTO `csdb`.`district_master` (`district_id`, `district_name`, `state_state_id`) VALUES ('AS003', 'Cachar', 'AS');
INSERT INTO `csdb`.`district_master` (`district_id`, `district_name`, `state_state_id`) VALUES ('AS029', 'Charaideo', 'AS');
INSERT INTO `csdb`.`district_master` (`district_id`, `district_name`, `state_state_id`) VALUES ('AS027', 'Chirang', 'AS');
INSERT INTO `csdb`.`district_master` (`district_id`, `district_name`, `state_state_id`) VALUES ('AS004', 'Darrang', 'AS');
INSERT INTO `csdb`.`district_master` (`district_id`, `district_name`, `state_state_id`) VALUES ('AS005', 'Dhemaji', 'AS');
INSERT INTO `csdb`.`district_master` (`district_id`, `district_name`, `state_state_id`) VALUES ('AS006', 'Dhubri', 'AS');
INSERT INTO `csdb`.`district_master` (`district_id`, `district_name`, `state_state_id`) VALUES ('AS007', 'Dibrugarh', 'AS');
INSERT INTO `csdb`.`district_master` (`district_id`, `district_name`, `state_state_id`) VALUES ('AS020', 'Dima Hasao (North Cachar Hills)', 'AS');
INSERT INTO `csdb`.`district_master` (`district_id`, `district_name`, `state_state_id`) VALUES ('AS008', 'Goalpara', 'AS');
INSERT INTO `csdb`.`district_master` (`district_id`, `district_name`, `state_state_id`) VALUES ('AS009', 'Golaghat', 'AS');
INSERT INTO `csdb`.`district_master` (`district_id`, `district_name`, `state_state_id`) VALUES ('AS010', 'Hailakandi', 'AS');
INSERT INTO `csdb`.`district_master` (`district_id`, `district_name`, `state_state_id`) VALUES ('AS030', 'Hojai', 'AS');
INSERT INTO `csdb`.`district_master` (`district_id`, `district_name`, `state_state_id`) VALUES ('AS011', 'Jorhat', 'AS');
INSERT INTO `csdb`.`district_master` (`district_id`, `district_name`, `state_state_id`) VALUES ('AS012', 'Kamrup', 'AS');
INSERT INTO `csdb`.`district_master` (`district_id`, `district_name`, `state_state_id`) VALUES ('AS026', 'Kamrup Metropolitan', 'AS');
INSERT INTO `csdb`.`district_master` (`district_id`, `district_name`, `state_state_id`) VALUES ('AS013', 'Karbi Anglong', 'AS');
INSERT INTO `csdb`.`district_master` (`district_id`, `district_name`, `state_state_id`) VALUES ('AS014', 'Karimganj', 'AS');
INSERT INTO `csdb`.`district_master` (`district_id`, `district_name`, `state_state_id`) VALUES ('AS015', 'Kokrajhar', 'AS');
INSERT INTO `csdb`.`district_master` (`district_id`, `district_name`, `state_state_id`) VALUES ('AS016', 'Lakhimpur', 'AS');
INSERT INTO `csdb`.`district_master` (`district_id`, `district_name`, `state_state_id`) VALUES ('AS033', 'Majuli', 'AS');
INSERT INTO `csdb`.`district_master` (`district_id`, `district_name`, `state_state_id`) VALUES ('AS017', 'Morigaon', 'AS');
INSERT INTO `csdb`.`district_master` (`district_id`, `district_name`, `state_state_id`) VALUES ('AS018', 'Nagaon', 'AS');
INSERT INTO `csdb`.`district_master` (`district_id`, `district_name`, `state_state_id`) VALUES ('AS019', 'Nalbari', 'AS');
INSERT INTO `csdb`.`district_master` (`district_id`, `district_name`, `state_state_id`) VALUES ('AS021', 'Sivasagar', 'AS');
INSERT INTO `csdb`.`district_master` (`district_id`, `district_name`, `state_state_id`) VALUES ('AS022', 'Sonitpur', 'AS');
INSERT INTO `csdb`.`district_master` (`district_id`, `district_name`, `state_state_id`) VALUES ('AS031', 'South Salamara-Mankachar', 'AS');
INSERT INTO `csdb`.`district_master` (`district_id`, `district_name`, `state_state_id`) VALUES ('AS023', 'Tinsukia', 'AS');
INSERT INTO `csdb`.`district_master` (`district_id`, `district_name`, `state_state_id`) VALUES ('AS024', 'Udalguri', 'AS');
INSERT INTO `csdb`.`district_master` (`district_id`, `district_name`, `state_state_id`) VALUES ('AS032', 'West Karbi Anglong', 'AS');
INSERT INTO `csdb`.`district_master` (`district_id`, `district_name`, `state_state_id`) VALUES ('BR001', 'Araria', 'BR');
INSERT INTO `csdb`.`district_master` (`district_id`, `district_name`, `state_state_id`) VALUES ('BR038', 'Arwal', 'BR');
INSERT INTO `csdb`.`district_master` (`district_id`, `district_name`, `state_state_id`) VALUES ('BR002', 'Aurangabad', 'BR');
INSERT INTO `csdb`.`district_master` (`district_id`, `district_name`, `state_state_id`) VALUES ('BR003', 'Banka', 'BR');
INSERT INTO `csdb`.`district_master` (`district_id`, `district_name`, `state_state_id`) VALUES ('BR004', 'Begusarai', 'BR');
INSERT INTO `csdb`.`district_master` (`district_id`, `district_name`, `state_state_id`) VALUES ('BR005', 'Bhagalpur', 'BR');
INSERT INTO `csdb`.`district_master` (`district_id`, `district_name`, `state_state_id`) VALUES ('BR006', 'Bhojpur', 'BR');
INSERT INTO `csdb`.`district_master` (`district_id`, `district_name`, `state_state_id`) VALUES ('BR007', 'Buxar', 'BR');
INSERT INTO `csdb`.`district_master` (`district_id`, `district_name`, `state_state_id`) VALUES ('BR008', 'Darbhanga', 'BR');
INSERT INTO `csdb`.`district_master` (`district_id`, `district_name`, `state_state_id`) VALUES ('BR026', 'East Champaran (Motihari)', 'BR');
INSERT INTO `csdb`.`district_master` (`district_id`, `district_name`, `state_state_id`) VALUES ('BR009', 'Gaya', 'BR');
INSERT INTO `csdb`.`district_master` (`district_id`, `district_name`, `state_state_id`) VALUES ('BR010', 'Gopalganj', 'BR');
INSERT INTO `csdb`.`district_master` (`district_id`, `district_name`, `state_state_id`) VALUES ('BR011', 'Jamui', 'BR');
INSERT INTO `csdb`.`district_master` (`district_id`, `district_name`, `state_state_id`) VALUES ('BR012', 'Jehanabad', 'BR');
INSERT INTO `csdb`.`district_master` (`district_id`, `district_name`, `state_state_id`) VALUES ('BR013', 'Kaimur (Bhabua)', 'BR');
INSERT INTO `csdb`.`district_master` (`district_id`, `district_name`, `state_state_id`) VALUES ('BR014', 'Katihar', 'BR');
INSERT INTO `csdb`.`district_master` (`district_id`, `district_name`, `state_state_id`) VALUES ('BR015', 'Khagaria', 'BR');
INSERT INTO `csdb`.`district_master` (`district_id`, `district_name`, `state_state_id`) VALUES ('BR016', 'Kishanganj', 'BR');
INSERT INTO `csdb`.`district_master` (`district_id`, `district_name`, `state_state_id`) VALUES ('BR017', 'Lakhisarai', 'BR');
INSERT INTO `csdb`.`district_master` (`district_id`, `district_name`, `state_state_id`) VALUES ('BR018', 'Madhepura', 'BR');
INSERT INTO `csdb`.`district_master` (`district_id`, `district_name`, `state_state_id`) VALUES ('BR019', 'Madhubani', 'BR');
INSERT INTO `csdb`.`district_master` (`district_id`, `district_name`, `state_state_id`) VALUES ('BR020', 'Munger (Monghyr)', 'BR');
INSERT INTO `csdb`.`district_master` (`district_id`, `district_name`, `state_state_id`) VALUES ('BR021', 'Muzaffarpur', 'BR');
INSERT INTO `csdb`.`district_master` (`district_id`, `district_name`, `state_state_id`) VALUES ('BR022', 'Nalanda', 'BR');
INSERT INTO `csdb`.`district_master` (`district_id`, `district_name`, `state_state_id`) VALUES ('BR023', 'Nawada', 'BR');
INSERT INTO `csdb`.`district_master` (`district_id`, `district_name`, `state_state_id`) VALUES ('BR025', 'Patna', 'BR');
INSERT INTO `csdb`.`district_master` (`district_id`, `district_name`, `state_state_id`) VALUES ('BR027', 'Purnia (Purnea)', 'BR');
INSERT INTO `csdb`.`district_master` (`district_id`, `district_name`, `state_state_id`) VALUES ('BR028', 'Rohtas', 'BR');
INSERT INTO `csdb`.`district_master` (`district_id`, `district_name`, `state_state_id`) VALUES ('BR029', 'Saharsa', 'BR');
INSERT INTO `csdb`.`district_master` (`district_id`, `district_name`, `state_state_id`) VALUES ('BR030', 'Samastipur', 'BR');
INSERT INTO `csdb`.`district_master` (`district_id`, `district_name`, `state_state_id`) VALUES ('BR031', 'Saran', 'BR');
INSERT INTO `csdb`.`district_master` (`district_id`, `district_name`, `state_state_id`) VALUES ('BR032', 'Sheikhpura', 'BR');
INSERT INTO `csdb`.`district_master` (`district_id`, `district_name`, `state_state_id`) VALUES ('BR033', 'Sheohar', 'BR');
INSERT INTO `csdb`.`district_master` (`district_id`, `district_name`, `state_state_id`) VALUES ('BR034', 'Sitamarhi', 'BR');
INSERT INTO `csdb`.`district_master` (`district_id`, `district_name`, `state_state_id`) VALUES ('BR035', 'Siwan', 'BR');
INSERT INTO `csdb`.`district_master` (`district_id`, `district_name`, `state_state_id`) VALUES ('BR036', 'Supaul', 'BR');
INSERT INTO `csdb`.`district_master` (`district_id`, `district_name`, `state_state_id`) VALUES ('BR037', 'Vaishali', 'BR');
INSERT INTO `csdb`.`district_master` (`district_id`, `district_name`, `state_state_id`) VALUES ('BR024', 'West Champaran', 'BR');
INSERT INTO `csdb`.`district_master` (`district_id`, `district_name`, `state_state_id`) VALUES ('CH001', 'Chandigarh', 'CH');
INSERT INTO `csdb`.`district_master` (`district_id`, `district_name`, `state_state_id`) VALUES ('CG023', 'Balod', 'CG');
INSERT INTO `csdb`.`district_master` (`district_id`, `district_name`, `state_state_id`) VALUES ('CG026', 'Baloda Bazar', 'CG');
INSERT INTO `csdb`.`district_master` (`district_id`, `district_name`, `state_state_id`) VALUES ('CG027', 'Balrampur', 'CG');
INSERT INTO `csdb`.`district_master` (`district_id`, `district_name`, `state_state_id`) VALUES ('CG001', 'Bastar', 'CG');
INSERT INTO `csdb`.`district_master` (`district_id`, `district_name`, `state_state_id`) VALUES ('CG022', 'Bemetara', 'CG');
INSERT INTO `csdb`.`district_master` (`district_id`, `district_name`, `state_state_id`) VALUES ('CG018', 'Bijapur', 'CG');
INSERT INTO `csdb`.`district_master` (`district_id`, `district_name`, `state_state_id`) VALUES ('CG002', 'Bilaspur', 'CG');
INSERT INTO `csdb`.`district_master` (`district_id`, `district_name`, `state_state_id`) VALUES ('CG003', 'Dantewada (South Bastar)', 'CG');
INSERT INTO `csdb`.`district_master` (`district_id`, `district_name`, `state_state_id`) VALUES ('CG004', 'Dhamtari', 'CG');
INSERT INTO `csdb`.`district_master` (`district_id`, `district_name`, `state_state_id`) VALUES ('CG005', 'Durg', 'CG');
INSERT INTO `csdb`.`district_master` (`district_id`, `district_name`, `state_state_id`) VALUES ('CG024', 'Gariyaband', 'CG');
INSERT INTO `csdb`.`district_master` (`district_id`, `district_name`, `state_state_id`) VALUES ('CG006', 'Janjgir-Champa', 'CG');
INSERT INTO `csdb`.`district_master` (`district_id`, `district_name`, `state_state_id`) VALUES ('CG007', 'Jashpur', 'CG');
INSERT INTO `csdb`.`district_master` (`district_id`, `district_name`, `state_state_id`) VALUES ('CG009', 'Kabirdham (Kawardha)', 'CG');
INSERT INTO `csdb`.`district_master` (`district_id`, `district_name`, `state_state_id`) VALUES ('CG008', 'Kanker (North Bastar)', 'CG');
INSERT INTO `csdb`.`district_master` (`district_id`, `district_name`, `state_state_id`) VALUES ('CG021', 'Kondagaon', 'CG');
INSERT INTO `csdb`.`district_master` (`district_id`, `district_name`, `state_state_id`) VALUES ('CG010', 'Korba', 'CG');
INSERT INTO `csdb`.`district_master` (`district_id`, `district_name`, `state_state_id`) VALUES ('CG011', 'Korea (Koriya)', 'CG');
INSERT INTO `csdb`.`district_master` (`district_id`, `district_name`, `state_state_id`) VALUES ('CG012', 'Mahasamund', 'CG');
INSERT INTO `csdb`.`district_master` (`district_id`, `district_name`, `state_state_id`) VALUES ('CG025', 'Mungeli', 'CG');
INSERT INTO `csdb`.`district_master` (`district_id`, `district_name`, `state_state_id`) VALUES ('CG017', 'Narayanpur', 'CG');
INSERT INTO `csdb`.`district_master` (`district_id`, `district_name`, `state_state_id`) VALUES ('CG013', 'Raigarh', 'CG');
INSERT INTO `csdb`.`district_master` (`district_id`, `district_name`, `state_state_id`) VALUES ('CG014', 'Raipur', 'CG');
INSERT INTO `csdb`.`district_master` (`district_id`, `district_name`, `state_state_id`) VALUES ('CG015', 'Rajnandgaon', 'CG');
INSERT INTO `csdb`.`district_master` (`district_id`, `district_name`, `state_state_id`) VALUES ('CG019', 'Sukma', 'CG');
INSERT INTO `csdb`.`district_master` (`district_id`, `district_name`, `state_state_id`) VALUES ('CG020', 'Surajpur  ', 'CG');
INSERT INTO `csdb`.`district_master` (`district_id`, `district_name`, `state_state_id`) VALUES ('CG016', 'Surguja', 'CG');
INSERT INTO `csdb`.`district_master` (`district_id`, `district_name`, `state_state_id`) VALUES ('DN001', 'Dadra &amp; Nagar Haveli', 'DN');
INSERT INTO `csdb`.`district_master` (`district_id`, `district_name`, `state_state_id`) VALUES ('DD001', 'Daman', 'DD');
INSERT INTO `csdb`.`district_master` (`district_id`, `district_name`, `state_state_id`) VALUES ('DD002', 'Diu', 'DD');
INSERT INTO `csdb`.`district_master` (`district_id`, `district_name`, `state_state_id`) VALUES ('DL001', 'Central Delhi', 'DL');
INSERT INTO `csdb`.`district_master` (`district_id`, `district_name`, `state_state_id`) VALUES ('DL002', 'East Delhi', 'DL');
INSERT INTO `csdb`.`district_master` (`district_id`, `district_name`, `state_state_id`) VALUES ('DL003', 'New Delhi', 'DL');
INSERT INTO `csdb`.`district_master` (`district_id`, `district_name`, `state_state_id`) VALUES ('DL004', 'North Delhi', 'DL');
INSERT INTO `csdb`.`district_master` (`district_id`, `district_name`, `state_state_id`) VALUES ('DL005', 'North East  Delhi', 'DL');
INSERT INTO `csdb`.`district_master` (`district_id`, `district_name`, `state_state_id`) VALUES ('DL006', 'North West  Delhi', 'DL');
INSERT INTO `csdb`.`district_master` (`district_id`, `district_name`, `state_state_id`) VALUES ('DL011', 'Shahdara', 'DL');
INSERT INTO `csdb`.`district_master` (`district_id`, `district_name`, `state_state_id`) VALUES ('DL007', 'South Delhi', 'DL');
INSERT INTO `csdb`.`district_master` (`district_id`, `district_name`, `state_state_id`) VALUES ('DL010', 'South East Delhi', 'DL');
INSERT INTO `csdb`.`district_master` (`district_id`, `district_name`, `state_state_id`) VALUES ('DL008', 'South West  Delhi', 'DL');
INSERT INTO `csdb`.`district_master` (`district_id`, `district_name`, `state_state_id`) VALUES ('DL009', 'West Delhi', 'DL');
INSERT INTO `csdb`.`district_master` (`district_id`, `district_name`, `state_state_id`) VALUES ('GA001', 'North Goa', 'GA');
INSERT INTO `csdb`.`district_master` (`district_id`, `district_name`, `state_state_id`) VALUES ('GA002', 'South Goa', 'GA');
INSERT INTO `csdb`.`district_master` (`district_id`, `district_name`, `state_state_id`) VALUES ('GJ001', 'Ahmedabad', 'GJ');
INSERT INTO `csdb`.`district_master` (`district_id`, `district_name`, `state_state_id`) VALUES ('GJ002', 'Amreli', 'GJ');
INSERT INTO `csdb`.`district_master` (`district_id`, `district_name`, `state_state_id`) VALUES ('GJ003', 'Anand', 'GJ');
INSERT INTO `csdb`.`district_master` (`district_id`, `district_name`, `state_state_id`) VALUES ('GJ027', 'Aravalli', 'GJ');
INSERT INTO `csdb`.`district_master` (`district_id`, `district_name`, `state_state_id`) VALUES ('GJ004', 'Banaskantha (Palanpur)', 'GJ');
INSERT INTO `csdb`.`district_master` (`district_id`, `district_name`, `state_state_id`) VALUES ('GJ005', 'Bharuch', 'GJ');
INSERT INTO `csdb`.`district_master` (`district_id`, `district_name`, `state_state_id`) VALUES ('GJ006', 'Bhavnagar', 'GJ');
INSERT INTO `csdb`.`district_master` (`district_id`, `district_name`, `state_state_id`) VALUES ('GJ028', 'Botad', 'GJ');
INSERT INTO `csdb`.`district_master` (`district_id`, `district_name`, `state_state_id`) VALUES ('GJ029', 'Chhota Udepur', 'GJ');
INSERT INTO `csdb`.`district_master` (`district_id`, `district_name`, `state_state_id`) VALUES ('GJ007', 'Dahod', 'GJ');
INSERT INTO `csdb`.`district_master` (`district_id`, `district_name`, `state_state_id`) VALUES ('GJ023', 'Dangs (Ahwa)', 'GJ');
INSERT INTO `csdb`.`district_master` (`district_id`, `district_name`, `state_state_id`) VALUES ('GJ030', 'Devbhoomi Dwarka', 'GJ');
INSERT INTO `csdb`.`district_master` (`district_id`, `district_name`, `state_state_id`) VALUES ('GJ008', 'Gandhinagar', 'GJ');
INSERT INTO `csdb`.`district_master` (`district_id`, `district_name`, `state_state_id`) VALUES ('GJ031', 'Gir Somnath', 'GJ');
INSERT INTO `csdb`.`district_master` (`district_id`, `district_name`, `state_state_id`) VALUES ('GJ009', 'Jamnagar', 'GJ');
INSERT INTO `csdb`.`district_master` (`district_id`, `district_name`, `state_state_id`) VALUES ('GJ010', 'Junagadh', 'GJ');
INSERT INTO `csdb`.`district_master` (`district_id`, `district_name`, `state_state_id`) VALUES ('GJ011', 'Kachchh', 'GJ');
INSERT INTO `csdb`.`district_master` (`district_id`, `district_name`, `state_state_id`) VALUES ('GJ012', 'Kheda (Nadiad)', 'GJ');
INSERT INTO `csdb`.`district_master` (`district_id`, `district_name`, `state_state_id`) VALUES ('GJ032', 'Mahisagar', 'GJ');
INSERT INTO `csdb`.`district_master` (`district_id`, `district_name`, `state_state_id`) VALUES ('GJ013', 'Mehsana', 'GJ');
INSERT INTO `csdb`.`district_master` (`district_id`, `district_name`, `state_state_id`) VALUES ('GJ033', 'Morbi', 'GJ');
INSERT INTO `csdb`.`district_master` (`district_id`, `district_name`, `state_state_id`) VALUES ('GJ014', 'Narmada (Rajpipla)', 'GJ');
INSERT INTO `csdb`.`district_master` (`district_id`, `district_name`, `state_state_id`) VALUES ('GJ015', 'Navsari', 'GJ');
INSERT INTO `csdb`.`district_master` (`district_id`, `district_name`, `state_state_id`) VALUES ('GJ016', 'Panchmahal (Godhra)', 'GJ');
INSERT INTO `csdb`.`district_master` (`district_id`, `district_name`, `state_state_id`) VALUES ('GJ017', 'Patan', 'GJ');
INSERT INTO `csdb`.`district_master` (`district_id`, `district_name`, `state_state_id`) VALUES ('GJ018', 'Porbandar', 'GJ');
INSERT INTO `csdb`.`district_master` (`district_id`, `district_name`, `state_state_id`) VALUES ('GJ019', 'Rajkot', 'GJ');
INSERT INTO `csdb`.`district_master` (`district_id`, `district_name`, `state_state_id`) VALUES ('GJ020', 'Sabarkantha (Himmatnagar)', 'GJ');
INSERT INTO `csdb`.`district_master` (`district_id`, `district_name`, `state_state_id`) VALUES ('GJ021', 'Surat', 'GJ');
INSERT INTO `csdb`.`district_master` (`district_id`, `district_name`, `state_state_id`) VALUES ('GJ022', 'Surendranagar', 'GJ');
INSERT INTO `csdb`.`district_master` (`district_id`, `district_name`, `state_state_id`) VALUES ('GJ026', 'Tapi (Vyara)', 'GJ');
INSERT INTO `csdb`.`district_master` (`district_id`, `district_name`, `state_state_id`) VALUES ('GJ024', 'Vadodara', 'GJ');
INSERT INTO `csdb`.`district_master` (`district_id`, `district_name`, `state_state_id`) VALUES ('GJ025', 'Valsad', 'GJ');
INSERT INTO `csdb`.`district_master` (`district_id`, `district_name`, `state_state_id`) VALUES ('HR001', 'Ambala', 'HR');
INSERT INTO `csdb`.`district_master` (`district_id`, `district_name`, `state_state_id`) VALUES ('HR002', 'Bhiwani', 'HR');
INSERT INTO `csdb`.`district_master` (`district_id`, `district_name`, `state_state_id`) VALUES ('HR022', 'Charkhi Dadri', 'HR');
INSERT INTO `csdb`.`district_master` (`district_id`, `district_name`, `state_state_id`) VALUES ('HR003', 'Faridabad', 'HR');
INSERT INTO `csdb`.`district_master` (`district_id`, `district_name`, `state_state_id`) VALUES ('HR004', 'Fatehabad', 'HR');
INSERT INTO `csdb`.`district_master` (`district_id`, `district_name`, `state_state_id`) VALUES ('HR005', 'Gurgaon', 'HR');
INSERT INTO `csdb`.`district_master` (`district_id`, `district_name`, `state_state_id`) VALUES ('HR006', 'Hisar', 'HR');
INSERT INTO `csdb`.`district_master` (`district_id`, `district_name`, `state_state_id`) VALUES ('HR007', 'Jhajjar', 'HR');
INSERT INTO `csdb`.`district_master` (`district_id`, `district_name`, `state_state_id`) VALUES ('HR008', 'Jind', 'HR');
INSERT INTO `csdb`.`district_master` (`district_id`, `district_name`, `state_state_id`) VALUES ('HR009', 'Kaithal', 'HR');
INSERT INTO `csdb`.`district_master` (`district_id`, `district_name`, `state_state_id`) VALUES ('HR010', 'Karnal', 'HR');
INSERT INTO `csdb`.`district_master` (`district_id`, `district_name`, `state_state_id`) VALUES ('HR011', 'Kurukshetra', 'HR');
INSERT INTO `csdb`.`district_master` (`district_id`, `district_name`, `state_state_id`) VALUES ('HR012', 'Mahendragarh', 'HR');
INSERT INTO `csdb`.`district_master` (`district_id`, `district_name`, `state_state_id`) VALUES ('HR020', 'Mewat', 'HR');
INSERT INTO `csdb`.`district_master` (`district_id`, `district_name`, `state_state_id`) VALUES ('HR021', 'Palwal', 'HR');
INSERT INTO `csdb`.`district_master` (`district_id`, `district_name`, `state_state_id`) VALUES ('HR013', 'Panchkula', 'HR');
INSERT INTO `csdb`.`district_master` (`district_id`, `district_name`, `state_state_id`) VALUES ('HR014', 'Panipat', 'HR');
INSERT INTO `csdb`.`district_master` (`district_id`, `district_name`, `state_state_id`) VALUES ('HR015', 'Rewari', 'HR');
INSERT INTO `csdb`.`district_master` (`district_id`, `district_name`, `state_state_id`) VALUES ('HR016', 'Rohtak', 'HR');
INSERT INTO `csdb`.`district_master` (`district_id`, `district_name`, `state_state_id`) VALUES ('HR017', 'Sirsa', 'HR');
INSERT INTO `csdb`.`district_master` (`district_id`, `district_name`, `state_state_id`) VALUES ('HR018', 'Sonipat', 'HR');
INSERT INTO `csdb`.`district_master` (`district_id`, `district_name`, `state_state_id`) VALUES ('HR019', 'Yamunanagar', 'HR');
INSERT INTO `csdb`.`district_master` (`district_id`, `district_name`, `state_state_id`) VALUES ('HP001', 'Bilaspur', 'HP');
INSERT INTO `csdb`.`district_master` (`district_id`, `district_name`, `state_state_id`) VALUES ('HP002', 'Chamba', 'HP');
INSERT INTO `csdb`.`district_master` (`district_id`, `district_name`, `state_state_id`) VALUES ('HP003', 'Hamirpur', 'HP');
INSERT INTO `csdb`.`district_master` (`district_id`, `district_name`, `state_state_id`) VALUES ('HP004', 'Kangra', 'HP');
INSERT INTO `csdb`.`district_master` (`district_id`, `district_name`, `state_state_id`) VALUES ('HP005', 'Kinnaur', 'HP');
INSERT INTO `csdb`.`district_master` (`district_id`, `district_name`, `state_state_id`) VALUES ('HP006', 'Kullu', 'HP');
INSERT INTO `csdb`.`district_master` (`district_id`, `district_name`, `state_state_id`) VALUES ('HP007', 'Lahaul &amp; Spiti', 'HP');
INSERT INTO `csdb`.`district_master` (`district_id`, `district_name`, `state_state_id`) VALUES ('HP008', 'Mandi', 'HP');
INSERT INTO `csdb`.`district_master` (`district_id`, `district_name`, `state_state_id`) VALUES ('HP009', 'Shimla', 'HP');
INSERT INTO `csdb`.`district_master` (`district_id`, `district_name`, `state_state_id`) VALUES ('HP010', 'Sirmaur (Sirmour)', 'HP');
INSERT INTO `csdb`.`district_master` (`district_id`, `district_name`, `state_state_id`) VALUES ('HP011', 'Solan', 'HP');
INSERT INTO `csdb`.`district_master` (`district_id`, `district_name`, `state_state_id`) VALUES ('HP012', 'Una', 'HP');
INSERT INTO `csdb`.`district_master` (`district_id`, `district_name`, `state_state_id`) VALUES ('JK001', 'Anantnag', 'JK');
INSERT INTO `csdb`.`district_master` (`district_id`, `district_name`, `state_state_id`) VALUES ('JK022', 'Bandipore', 'JK');
INSERT INTO `csdb`.`district_master` (`district_id`, `district_name`, `state_state_id`) VALUES ('JK003', 'Baramulla', 'JK');
INSERT INTO `csdb`.`district_master` (`district_id`, `district_name`, `state_state_id`) VALUES ('JK002', 'Budgam', 'JK');
INSERT INTO `csdb`.`district_master` (`district_id`, `district_name`, `state_state_id`) VALUES ('JK004', 'Doda', 'JK');
INSERT INTO `csdb`.`district_master` (`district_id`, `district_name`, `state_state_id`) VALUES ('JK021', 'Ganderbal', 'JK');
INSERT INTO `csdb`.`district_master` (`district_id`, `district_name`, `state_state_id`) VALUES ('JK005', 'Jammu', 'JK');
INSERT INTO `csdb`.`district_master` (`district_id`, `district_name`, `state_state_id`) VALUES ('JK006', 'Kargil', 'JK');
INSERT INTO `csdb`.`district_master` (`district_id`, `district_name`, `state_state_id`) VALUES ('JK007', 'Kathua', 'JK');
INSERT INTO `csdb`.`district_master` (`district_id`, `district_name`, `state_state_id`) VALUES ('JK018', 'Kishtwar', 'JK');
INSERT INTO `csdb`.`district_master` (`district_id`, `district_name`, `state_state_id`) VALUES ('JK019', 'Kulgam', 'JK');
INSERT INTO `csdb`.`district_master` (`district_id`, `district_name`, `state_state_id`) VALUES ('JK008', 'Kupwara', 'JK');
INSERT INTO `csdb`.`district_master` (`district_id`, `district_name`, `state_state_id`) VALUES ('JK009', 'Leh', 'JK');
INSERT INTO `csdb`.`district_master` (`district_id`, `district_name`, `state_state_id`) VALUES ('JK011', 'Poonch', 'JK');
INSERT INTO `csdb`.`district_master` (`district_id`, `district_name`, `state_state_id`) VALUES ('JK010', 'Pulwama', 'JK');
INSERT INTO `csdb`.`district_master` (`district_id`, `district_name`, `state_state_id`) VALUES ('JK012', 'Rajouri', 'JK');
INSERT INTO `csdb`.`district_master` (`district_id`, `district_name`, `state_state_id`) VALUES ('JK017', 'Ramban', 'JK');
INSERT INTO `csdb`.`district_master` (`district_id`, `district_name`, `state_state_id`) VALUES ('JK016', 'Reasi', 'JK');
INSERT INTO `csdb`.`district_master` (`district_id`, `district_name`, `state_state_id`) VALUES ('JK015', 'Samba', 'JK');
INSERT INTO `csdb`.`district_master` (`district_id`, `district_name`, `state_state_id`) VALUES ('JK020', 'Shopian', 'JK');
INSERT INTO `csdb`.`district_master` (`district_id`, `district_name`, `state_state_id`) VALUES ('JK013', 'Srinagar', 'JK');
INSERT INTO `csdb`.`district_master` (`district_id`, `district_name`, `state_state_id`) VALUES ('JK014', 'Udhampur', 'JK');
INSERT INTO `csdb`.`district_master` (`district_id`, `district_name`, `state_state_id`) VALUES ('JH001', 'Bokaro', 'JH');
INSERT INTO `csdb`.`district_master` (`district_id`, `district_name`, `state_state_id`) VALUES ('JH002', 'Chatra', 'JH');
INSERT INTO `csdb`.`district_master` (`district_id`, `district_name`, `state_state_id`) VALUES ('JH003', 'Deoghar', 'JH');
INSERT INTO `csdb`.`district_master` (`district_id`, `district_name`, `state_state_id`) VALUES ('JH004', 'Dhanbad', 'JH');
INSERT INTO `csdb`.`district_master` (`district_id`, `district_name`, `state_state_id`) VALUES ('JH005', 'Dumka', 'JH');
INSERT INTO `csdb`.`district_master` (`district_id`, `district_name`, `state_state_id`) VALUES ('JH016', 'East Singhbhum', 'JH');
INSERT INTO `csdb`.`district_master` (`district_id`, `district_name`, `state_state_id`) VALUES ('JH006', 'Garhwa', 'JH');
INSERT INTO `csdb`.`district_master` (`district_id`, `district_name`, `state_state_id`) VALUES ('JH007', 'Giridih', 'JH');
INSERT INTO `csdb`.`district_master` (`district_id`, `district_name`, `state_state_id`) VALUES ('JH008', 'Godda', 'JH');
INSERT INTO `csdb`.`district_master` (`district_id`, `district_name`, `state_state_id`) VALUES ('JH009', 'Gumla', 'JH');
INSERT INTO `csdb`.`district_master` (`district_id`, `district_name`, `state_state_id`) VALUES ('JH010', 'Hazaribag', 'JH');
INSERT INTO `csdb`.`district_master` (`district_id`, `district_name`, `state_state_id`) VALUES ('JH020', 'Jamtara', 'JH');
INSERT INTO `csdb`.`district_master` (`district_id`, `district_name`, `state_state_id`) VALUES ('JH024', 'Khunti', 'JH');
INSERT INTO `csdb`.`district_master` (`district_id`, `district_name`, `state_state_id`) VALUES ('JH011', 'Koderma', 'JH');
INSERT INTO `csdb`.`district_master` (`district_id`, `district_name`, `state_state_id`) VALUES ('JH021', 'Latehar', 'JH');
INSERT INTO `csdb`.`district_master` (`district_id`, `district_name`, `state_state_id`) VALUES ('JH012', 'Lohardaga', 'JH');
INSERT INTO `csdb`.`district_master` (`district_id`, `district_name`, `state_state_id`) VALUES ('JH013', 'Pakur', 'JH');
INSERT INTO `csdb`.`district_master` (`district_id`, `district_name`, `state_state_id`) VALUES ('JH014', 'Palamu', 'JH');
INSERT INTO `csdb`.`district_master` (`district_id`, `district_name`, `state_state_id`) VALUES ('JH023', 'Ramgarh', 'JH');
INSERT INTO `csdb`.`district_master` (`district_id`, `district_name`, `state_state_id`) VALUES ('JH017', 'Ranchi', 'JH');
INSERT INTO `csdb`.`district_master` (`district_id`, `district_name`, `state_state_id`) VALUES ('JH018', 'Sahibganj', 'JH');
INSERT INTO `csdb`.`district_master` (`district_id`, `district_name`, `state_state_id`) VALUES ('JH019', 'Seraikela-Kharsawan', 'JH');
INSERT INTO `csdb`.`district_master` (`district_id`, `district_name`, `state_state_id`) VALUES ('JH022', 'Simdega', 'JH');
INSERT INTO `csdb`.`district_master` (`district_id`, `district_name`, `state_state_id`) VALUES ('JH015', 'West Singhbhum', 'JH');
INSERT INTO `csdb`.`district_master` (`district_id`, `district_name`, `state_state_id`) VALUES ('KA001', 'Bagalkot', 'KA');
INSERT INTO `csdb`.`district_master` (`district_id`, `district_name`, `state_state_id`) VALUES ('KA005', 'Ballari (Bellary)', 'KA');
INSERT INTO `csdb`.`district_master` (`district_id`, `district_name`, `state_state_id`) VALUES ('KA004', 'Belagavi (Belgaum)', 'KA');
INSERT INTO `csdb`.`district_master` (`district_id`, `district_name`, `state_state_id`) VALUES ('KA003', 'Bengaluru (Bangalore) Rural', 'KA');
INSERT INTO `csdb`.`district_master` (`district_id`, `district_name`, `state_state_id`) VALUES ('KA002', 'Bengaluru (Bangalore) Urban', 'KA');
INSERT INTO `csdb`.`district_master` (`district_id`, `district_name`, `state_state_id`) VALUES ('KA006', 'Bidar', 'KA');
INSERT INTO `csdb`.`district_master` (`district_id`, `district_name`, `state_state_id`) VALUES ('KA008', 'Chamarajanagar', 'KA');
INSERT INTO `csdb`.`district_master` (`district_id`, `district_name`, `state_state_id`) VALUES ('KA028', 'Chikballapur', 'KA');
INSERT INTO `csdb`.`district_master` (`district_id`, `district_name`, `state_state_id`) VALUES ('KA009', 'Chikkamagaluru (Chikmagalur)', 'KA');
INSERT INTO `csdb`.`district_master` (`district_id`, `district_name`, `state_state_id`) VALUES ('KA010', 'Chitradurga', 'KA');
INSERT INTO `csdb`.`district_master` (`district_id`, `district_name`, `state_state_id`) VALUES ('KA011', 'Dakshina Kannada', 'KA');
INSERT INTO `csdb`.`district_master` (`district_id`, `district_name`, `state_state_id`) VALUES ('KA012', 'Davangere', 'KA');
INSERT INTO `csdb`.`district_master` (`district_id`, `district_name`, `state_state_id`) VALUES ('KA013', 'Dharwad', 'KA');
INSERT INTO `csdb`.`district_master` (`district_id`, `district_name`, `state_state_id`) VALUES ('KA014', 'Gadag', 'KA');
INSERT INTO `csdb`.`district_master` (`district_id`, `district_name`, `state_state_id`) VALUES ('KA016', 'Hassan', 'KA');
INSERT INTO `csdb`.`district_master` (`district_id`, `district_name`, `state_state_id`) VALUES ('KA017', 'Haveri', 'KA');
INSERT INTO `csdb`.`district_master` (`district_id`, `district_name`, `state_state_id`) VALUES ('KA015', 'Kalaburagi (Gulbarga)', 'KA');
INSERT INTO `csdb`.`district_master` (`district_id`, `district_name`, `state_state_id`) VALUES ('KA018', 'Kodagu', 'KA');
INSERT INTO `csdb`.`district_master` (`district_id`, `district_name`, `state_state_id`) VALUES ('KA019', 'Kolar', 'KA');
INSERT INTO `csdb`.`district_master` (`district_id`, `district_name`, `state_state_id`) VALUES ('KA020', 'Koppal', 'KA');
INSERT INTO `csdb`.`district_master` (`district_id`, `district_name`, `state_state_id`) VALUES ('KA021', 'Mandya', 'KA');
INSERT INTO `csdb`.`district_master` (`district_id`, `district_name`, `state_state_id`) VALUES ('KA022', 'Mysuru (Mysore)', 'KA');
INSERT INTO `csdb`.`district_master` (`district_id`, `district_name`, `state_state_id`) VALUES ('KA023', 'Raichur', 'KA');
INSERT INTO `csdb`.`district_master` (`district_id`, `district_name`, `state_state_id`) VALUES ('KA030', 'Ramanagara', 'KA');
INSERT INTO `csdb`.`district_master` (`district_id`, `district_name`, `state_state_id`) VALUES ('KA024', 'Shivamogga (Shimoga)', 'KA');
INSERT INTO `csdb`.`district_master` (`district_id`, `district_name`, `state_state_id`) VALUES ('KA025', 'Tumakuru (Tumkur)', 'KA');
INSERT INTO `csdb`.`district_master` (`district_id`, `district_name`, `state_state_id`) VALUES ('KA026', 'Udupi', 'KA');
INSERT INTO `csdb`.`district_master` (`district_id`, `district_name`, `state_state_id`) VALUES ('KA027', 'Uttara Kannada (Karwar)', 'KA');
INSERT INTO `csdb`.`district_master` (`district_id`, `district_name`, `state_state_id`) VALUES ('KA007', 'Vijayapura (Bijapur)', 'KA');
INSERT INTO `csdb`.`district_master` (`district_id`, `district_name`, `state_state_id`) VALUES ('KA029', 'Yadgir', 'KA');
INSERT INTO `csdb`.`district_master` (`district_id`, `district_name`, `state_state_id`) VALUES ('KL001', 'Alappuzha', 'KL');
INSERT INTO `csdb`.`district_master` (`district_id`, `district_name`, `state_state_id`) VALUES ('KL002', 'Ernakulam', 'KL');
INSERT INTO `csdb`.`district_master` (`district_id`, `district_name`, `state_state_id`) VALUES ('KL003', 'Idukki', 'KL');
INSERT INTO `csdb`.`district_master` (`district_id`, `district_name`, `state_state_id`) VALUES ('KL004', 'Kannur', 'KL');
INSERT INTO `csdb`.`district_master` (`district_id`, `district_name`, `state_state_id`) VALUES ('KL005', 'Kasaragod', 'KL');
INSERT INTO `csdb`.`district_master` (`district_id`, `district_name`, `state_state_id`) VALUES ('KL006', 'Kollam', 'KL');
INSERT INTO `csdb`.`district_master` (`district_id`, `district_name`, `state_state_id`) VALUES ('KL007', 'Kottayam', 'KL');
INSERT INTO `csdb`.`district_master` (`district_id`, `district_name`, `state_state_id`) VALUES ('KL008', 'Kozhikode', 'KL');
INSERT INTO `csdb`.`district_master` (`district_id`, `district_name`, `state_state_id`) VALUES ('KL009', 'Malappuram', 'KL');
INSERT INTO `csdb`.`district_master` (`district_id`, `district_name`, `state_state_id`) VALUES ('KL010', 'Palakkad', 'KL');
INSERT INTO `csdb`.`district_master` (`district_id`, `district_name`, `state_state_id`) VALUES ('KL011', 'Pathanamthitta', 'KL');
INSERT INTO `csdb`.`district_master` (`district_id`, `district_name`, `state_state_id`) VALUES ('KL012', 'Thiruvananthapuram', 'KL');
INSERT INTO `csdb`.`district_master` (`district_id`, `district_name`, `state_state_id`) VALUES ('KL013', 'Thrissur', 'KL');
INSERT INTO `csdb`.`district_master` (`district_id`, `district_name`, `state_state_id`) VALUES ('KL014', 'Wayanad', 'KL');
INSERT INTO `csdb`.`district_master` (`district_id`, `district_name`, `state_state_id`) VALUES ('LD001', 'Lakshadweep', 'LD');
INSERT INTO `csdb`.`district_master` (`district_id`, `district_name`, `state_state_id`) VALUES ('MP053', 'Agar Malwa', 'MP');
INSERT INTO `csdb`.`district_master` (`district_id`, `district_name`, `state_state_id`) VALUES ('MP052', 'Alirajpur', 'MP');
INSERT INTO `csdb`.`district_master` (`district_id`, `district_name`, `state_state_id`) VALUES ('MP048', 'Anuppur', 'MP');
INSERT INTO `csdb`.`district_master` (`district_id`, `district_name`, `state_state_id`) VALUES ('MP050', 'Ashoknagar', 'MP');
INSERT INTO `csdb`.`district_master` (`district_id`, `district_name`, `state_state_id`) VALUES ('MP001', 'Balaghat', 'MP');
INSERT INTO `csdb`.`district_master` (`district_id`, `district_name`, `state_state_id`) VALUES ('MP002', 'Barwani', 'MP');
INSERT INTO `csdb`.`district_master` (`district_id`, `district_name`, `state_state_id`) VALUES ('MP003', 'Betul', 'MP');
INSERT INTO `csdb`.`district_master` (`district_id`, `district_name`, `state_state_id`) VALUES ('MP004', 'Bhind', 'MP');
INSERT INTO `csdb`.`district_master` (`district_id`, `district_name`, `state_state_id`) VALUES ('MP005', 'Bhopal', 'MP');
INSERT INTO `csdb`.`district_master` (`district_id`, `district_name`, `state_state_id`) VALUES ('MP049', 'Burhanpur', 'MP');
INSERT INTO `csdb`.`district_master` (`district_id`, `district_name`, `state_state_id`) VALUES ('MP006', 'Chhatarpur', 'MP');
INSERT INTO `csdb`.`district_master` (`district_id`, `district_name`, `state_state_id`) VALUES ('MP007', 'Chhindwara', 'MP');
INSERT INTO `csdb`.`district_master` (`district_id`, `district_name`, `state_state_id`) VALUES ('MP008', 'Damoh', 'MP');
INSERT INTO `csdb`.`district_master` (`district_id`, `district_name`, `state_state_id`) VALUES ('MP009', 'Datia', 'MP');
INSERT INTO `csdb`.`district_master` (`district_id`, `district_name`, `state_state_id`) VALUES ('MP010', 'Dewas', 'MP');
INSERT INTO `csdb`.`district_master` (`district_id`, `district_name`, `state_state_id`) VALUES ('MP011', 'Dhar', 'MP');
INSERT INTO `csdb`.`district_master` (`district_id`, `district_name`, `state_state_id`) VALUES ('MP012', 'Dindori', 'MP');
INSERT INTO `csdb`.`district_master` (`district_id`, `district_name`, `state_state_id`) VALUES ('MP014', 'Guna', 'MP');
INSERT INTO `csdb`.`district_master` (`district_id`, `district_name`, `state_state_id`) VALUES ('MP015', 'Gwalior', 'MP');
INSERT INTO `csdb`.`district_master` (`district_id`, `district_name`, `state_state_id`) VALUES ('MP016', 'Harda', 'MP');
INSERT INTO `csdb`.`district_master` (`district_id`, `district_name`, `state_state_id`) VALUES ('MP017', 'Hoshangabad', 'MP');
INSERT INTO `csdb`.`district_master` (`district_id`, `district_name`, `state_state_id`) VALUES ('MP018', 'Indore', 'MP');
INSERT INTO `csdb`.`district_master` (`district_id`, `district_name`, `state_state_id`) VALUES ('MP019', 'Jabalpur', 'MP');
INSERT INTO `csdb`.`district_master` (`district_id`, `district_name`, `state_state_id`) VALUES ('MP020', 'Jhabua', 'MP');
INSERT INTO `csdb`.`district_master` (`district_id`, `district_name`, `state_state_id`) VALUES ('MP021', 'Katni', 'MP');
INSERT INTO `csdb`.`district_master` (`district_id`, `district_name`, `state_state_id`) VALUES ('MP047', 'Khandwa', 'MP');
INSERT INTO `csdb`.`district_master` (`district_id`, `district_name`, `state_state_id`) VALUES ('MP046', 'Khargone', 'MP');
INSERT INTO `csdb`.`district_master` (`district_id`, `district_name`, `state_state_id`) VALUES ('MP022', 'Mandla', 'MP');
INSERT INTO `csdb`.`district_master` (`district_id`, `district_name`, `state_state_id`) VALUES ('MP023', 'Mandsaur', 'MP');
INSERT INTO `csdb`.`district_master` (`district_id`, `district_name`, `state_state_id`) VALUES ('MP024', 'Morena', 'MP');
INSERT INTO `csdb`.`district_master` (`district_id`, `district_name`, `state_state_id`) VALUES ('MP025', 'Narsinghpur', 'MP');
INSERT INTO `csdb`.`district_master` (`district_id`, `district_name`, `state_state_id`) VALUES ('MP026', 'Neemuch', 'MP');
INSERT INTO `csdb`.`district_master` (`district_id`, `district_name`, `state_state_id`) VALUES ('MP027', 'Panna', 'MP');
INSERT INTO `csdb`.`district_master` (`district_id`, `district_name`, `state_state_id`) VALUES ('MP028', 'Raisen', 'MP');
INSERT INTO `csdb`.`district_master` (`district_id`, `district_name`, `state_state_id`) VALUES ('MP029', 'Rajgarh', 'MP');
INSERT INTO `csdb`.`district_master` (`district_id`, `district_name`, `state_state_id`) VALUES ('MP030', 'Ratlam', 'MP');
INSERT INTO `csdb`.`district_master` (`district_id`, `district_name`, `state_state_id`) VALUES ('MP031', 'Rewa', 'MP');
INSERT INTO `csdb`.`district_master` (`district_id`, `district_name`, `state_state_id`) VALUES ('MP032', 'Sagar', 'MP');
INSERT INTO `csdb`.`district_master` (`district_id`, `district_name`, `state_state_id`) VALUES ('MP033', 'Satna', 'MP');
INSERT INTO `csdb`.`district_master` (`district_id`, `district_name`, `state_state_id`) VALUES ('MP034', 'Sehore', 'MP');
INSERT INTO `csdb`.`district_master` (`district_id`, `district_name`, `state_state_id`) VALUES ('MP035', 'Seoni', 'MP');
INSERT INTO `csdb`.`district_master` (`district_id`, `district_name`, `state_state_id`) VALUES ('MP036', 'Shahdol', 'MP');
INSERT INTO `csdb`.`district_master` (`district_id`, `district_name`, `state_state_id`) VALUES ('MP037', 'Shajapur', 'MP');
INSERT INTO `csdb`.`district_master` (`district_id`, `district_name`, `state_state_id`) VALUES ('MP038', 'Sheopur', 'MP');
INSERT INTO `csdb`.`district_master` (`district_id`, `district_name`, `state_state_id`) VALUES ('MP039', 'Shivpuri', 'MP');
INSERT INTO `csdb`.`district_master` (`district_id`, `district_name`, `state_state_id`) VALUES ('MP040', 'Sidhi', 'MP');
INSERT INTO `csdb`.`district_master` (`district_id`, `district_name`, `state_state_id`) VALUES ('MP051', 'Singrauli', 'MP');
INSERT INTO `csdb`.`district_master` (`district_id`, `district_name`, `state_state_id`) VALUES ('MP041', 'Tikamgarh', 'MP');
INSERT INTO `csdb`.`district_master` (`district_id`, `district_name`, `state_state_id`) VALUES ('MP042', 'Ujjain', 'MP');
INSERT INTO `csdb`.`district_master` (`district_id`, `district_name`, `state_state_id`) VALUES ('MP043', 'Umaria', 'MP');
INSERT INTO `csdb`.`district_master` (`district_id`, `district_name`, `state_state_id`) VALUES ('MP044', 'Vidisha', 'MP');
INSERT INTO `csdb`.`district_master` (`district_id`, `district_name`, `state_state_id`) VALUES ('MH001', 'Ahmednagar', 'MH');
INSERT INTO `csdb`.`district_master` (`district_id`, `district_name`, `state_state_id`) VALUES ('MH002', 'Akola', 'MH');
INSERT INTO `csdb`.`district_master` (`district_id`, `district_name`, `state_state_id`) VALUES ('MH003', 'Amravati', 'MH');
INSERT INTO `csdb`.`district_master` (`district_id`, `district_name`, `state_state_id`) VALUES ('MH004', 'Aurangabad', 'MH');
INSERT INTO `csdb`.`district_master` (`district_id`, `district_name`, `state_state_id`) VALUES ('MH006', 'Beed', 'MH');
INSERT INTO `csdb`.`district_master` (`district_id`, `district_name`, `state_state_id`) VALUES ('MH005', 'Bhandara', 'MH');
INSERT INTO `csdb`.`district_master` (`district_id`, `district_name`, `state_state_id`) VALUES ('MH007', 'Buldhana', 'MH');
INSERT INTO `csdb`.`district_master` (`district_id`, `district_name`, `state_state_id`) VALUES ('MH008', 'Chandrapur', 'MH');
INSERT INTO `csdb`.`district_master` (`district_id`, `district_name`, `state_state_id`) VALUES ('MH009', 'Dhule', 'MH');
INSERT INTO `csdb`.`district_master` (`district_id`, `district_name`, `state_state_id`) VALUES ('MH010', 'Gadchiroli', 'MH');
INSERT INTO `csdb`.`district_master` (`district_id`, `district_name`, `state_state_id`) VALUES ('MH011', 'Gondia', 'MH');
INSERT INTO `csdb`.`district_master` (`district_id`, `district_name`, `state_state_id`) VALUES ('MH012', 'Hingoli', 'MH');
INSERT INTO `csdb`.`district_master` (`district_id`, `district_name`, `state_state_id`) VALUES ('MH013', 'Jalgaon', 'MH');
INSERT INTO `csdb`.`district_master` (`district_id`, `district_name`, `state_state_id`) VALUES ('MH014', 'Jalna', 'MH');
INSERT INTO `csdb`.`district_master` (`district_id`, `district_name`, `state_state_id`) VALUES ('MH015', 'Kolhapur', 'MH');
INSERT INTO `csdb`.`district_master` (`district_id`, `district_name`, `state_state_id`) VALUES ('MH016', 'Latur', 'MH');
INSERT INTO `csdb`.`district_master` (`district_id`, `district_name`, `state_state_id`) VALUES ('MH017', 'Mumbai City', 'MH');
INSERT INTO `csdb`.`district_master` (`district_id`, `district_name`, `state_state_id`) VALUES ('MH018', 'Mumbai Suburban', 'MH');
INSERT INTO `csdb`.`district_master` (`district_id`, `district_name`, `state_state_id`) VALUES ('MH019', 'Nagpur', 'MH');
INSERT INTO `csdb`.`district_master` (`district_id`, `district_name`, `state_state_id`) VALUES ('MH020', 'Nanded', 'MH');
INSERT INTO `csdb`.`district_master` (`district_id`, `district_name`, `state_state_id`) VALUES ('MH021', 'Nandurbar', 'MH');
INSERT INTO `csdb`.`district_master` (`district_id`, `district_name`, `state_state_id`) VALUES ('MH022', 'Nashik', 'MH');
INSERT INTO `csdb`.`district_master` (`district_id`, `district_name`, `state_state_id`) VALUES ('MH023', 'Osmanabad', 'MH');
INSERT INTO `csdb`.`district_master` (`district_id`, `district_name`, `state_state_id`) VALUES ('MH036', 'Palghar', 'MH');
INSERT INTO `csdb`.`district_master` (`district_id`, `district_name`, `state_state_id`) VALUES ('MH024', 'Parbhani', 'MH');
INSERT INTO `csdb`.`district_master` (`district_id`, `district_name`, `state_state_id`) VALUES ('MH025', 'Pune', 'MH');
INSERT INTO `csdb`.`district_master` (`district_id`, `district_name`, `state_state_id`) VALUES ('MH026', 'Raigad', 'MH');
INSERT INTO `csdb`.`district_master` (`district_id`, `district_name`, `state_state_id`) VALUES ('MH027', 'Ratnagiri', 'MH');
INSERT INTO `csdb`.`district_master` (`district_id`, `district_name`, `state_state_id`) VALUES ('MH028', 'Sangli', 'MH');
INSERT INTO `csdb`.`district_master` (`district_id`, `district_name`, `state_state_id`) VALUES ('MH029', 'Satara', 'MH');
INSERT INTO `csdb`.`district_master` (`district_id`, `district_name`, `state_state_id`) VALUES ('MH030', 'Sindhudurg', 'MH');
INSERT INTO `csdb`.`district_master` (`district_id`, `district_name`, `state_state_id`) VALUES ('MH031', 'Solapur', 'MH');
INSERT INTO `csdb`.`district_master` (`district_id`, `district_name`, `state_state_id`) VALUES ('MH032', 'Thane', 'MH');
INSERT INTO `csdb`.`district_master` (`district_id`, `district_name`, `state_state_id`) VALUES ('MH033', 'Wardha', 'MH');
INSERT INTO `csdb`.`district_master` (`district_id`, `district_name`, `state_state_id`) VALUES ('MH034', 'Washim', 'MH');
INSERT INTO `csdb`.`district_master` (`district_id`, `district_name`, `state_state_id`) VALUES ('MH035', 'Yavatmal', 'MH');
INSERT INTO `csdb`.`district_master` (`district_id`, `district_name`, `state_state_id`) VALUES ('MN001', 'Bishnupur', 'MN');
INSERT INTO `csdb`.`district_master` (`district_id`, `district_name`, `state_state_id`) VALUES ('MN002', 'Chandel', 'MN');
INSERT INTO `csdb`.`district_master` (`district_id`, `district_name`, `state_state_id`) VALUES ('MN003', 'Churachandpur', 'MN');
INSERT INTO `csdb`.`district_master` (`district_id`, `district_name`, `state_state_id`) VALUES ('MN004', 'Imphal East', 'MN');
INSERT INTO `csdb`.`district_master` (`district_id`, `district_name`, `state_state_id`) VALUES ('MN005', 'Imphal West', 'MN');
INSERT INTO `csdb`.`district_master` (`district_id`, `district_name`, `state_state_id`) VALUES ('MN015', 'Jiribam', 'MN');
INSERT INTO `csdb`.`district_master` (`district_id`, `district_name`, `state_state_id`) VALUES ('MN016', 'Kakching', 'MN');
INSERT INTO `csdb`.`district_master` (`district_id`, `district_name`, `state_state_id`) VALUES ('MN014', 'Kamjong', 'MN');
INSERT INTO `csdb`.`district_master` (`district_id`, `district_name`, `state_state_id`) VALUES ('MN010', 'Kangpokpi', 'MN');
INSERT INTO `csdb`.`district_master` (`district_id`, `district_name`, `state_state_id`) VALUES ('MN013', 'Noney', 'MN');
INSERT INTO `csdb`.`district_master` (`district_id`, `district_name`, `state_state_id`) VALUES ('MN012', 'Pherzawl', 'MN');
INSERT INTO `csdb`.`district_master` (`district_id`, `district_name`, `state_state_id`) VALUES ('MN006', 'Senapati', 'MN');
INSERT INTO `csdb`.`district_master` (`district_id`, `district_name`, `state_state_id`) VALUES ('MN007', 'Tamenglong', 'MN');
INSERT INTO `csdb`.`district_master` (`district_id`, `district_name`, `state_state_id`) VALUES ('MN011', 'Tengnoupal', 'MN');
INSERT INTO `csdb`.`district_master` (`district_id`, `district_name`, `state_state_id`) VALUES ('MN008', 'Thoubal', 'MN');
INSERT INTO `csdb`.`district_master` (`district_id`, `district_name`, `state_state_id`) VALUES ('MN009', 'Ukhrul', 'MN');
INSERT INTO `csdb`.`district_master` (`district_id`, `district_name`, `state_state_id`) VALUES ('ML001', 'East Garo Hills', 'ML');
INSERT INTO `csdb`.`district_master` (`district_id`, `district_name`, `state_state_id`) VALUES ('ML008', 'East Jaintia Hills', 'ML');
INSERT INTO `csdb`.`district_master` (`district_id`, `district_name`, `state_state_id`) VALUES ('ML002', 'East Khasi Hills', 'ML');
INSERT INTO `csdb`.`district_master` (`district_id`, `district_name`, `state_state_id`) VALUES ('ML010', 'North Garo Hills', 'ML');
INSERT INTO `csdb`.`district_master` (`district_id`, `district_name`, `state_state_id`) VALUES ('ML004', 'Ri Bhoi', 'ML');
INSERT INTO `csdb`.`district_master` (`district_id`, `district_name`, `state_state_id`) VALUES ('ML005', 'South Garo Hills', 'ML');
INSERT INTO `csdb`.`district_master` (`district_id`, `district_name`, `state_state_id`) VALUES ('ML011', 'South West Garo Hills ', 'ML');
INSERT INTO `csdb`.`district_master` (`district_id`, `district_name`, `state_state_id`) VALUES ('ML009', 'South West Khasi Hills', 'ML');
INSERT INTO `csdb`.`district_master` (`district_id`, `district_name`, `state_state_id`) VALUES ('ML006', 'West Garo Hills', 'ML');
INSERT INTO `csdb`.`district_master` (`district_id`, `district_name`, `state_state_id`) VALUES ('ML003', 'West Jaintia Hills', 'ML');
INSERT INTO `csdb`.`district_master` (`district_id`, `district_name`, `state_state_id`) VALUES ('ML007', 'West Khasi Hills', 'ML');
INSERT INTO `csdb`.`district_master` (`district_id`, `district_name`, `state_state_id`) VALUES ('MZ001', 'Aizawl', 'MZ');
INSERT INTO `csdb`.`district_master` (`district_id`, `district_name`, `state_state_id`) VALUES ('MZ002', 'Champhai', 'MZ');
INSERT INTO `csdb`.`district_master` (`district_id`, `district_name`, `state_state_id`) VALUES ('MZ003', 'Kolasib', 'MZ');
INSERT INTO `csdb`.`district_master` (`district_id`, `district_name`, `state_state_id`) VALUES ('MZ004', 'Lawngtlai', 'MZ');
INSERT INTO `csdb`.`district_master` (`district_id`, `district_name`, `state_state_id`) VALUES ('MZ005', 'Lunglei', 'MZ');
INSERT INTO `csdb`.`district_master` (`district_id`, `district_name`, `state_state_id`) VALUES ('MZ006', 'Mamit', 'MZ');
INSERT INTO `csdb`.`district_master` (`district_id`, `district_name`, `state_state_id`) VALUES ('MZ007', 'Saiha', 'MZ');
INSERT INTO `csdb`.`district_master` (`district_id`, `district_name`, `state_state_id`) VALUES ('MZ008', 'Serchhip', 'MZ');
INSERT INTO `csdb`.`district_master` (`district_id`, `district_name`, `state_state_id`) VALUES ('NL001', 'Dimapur', 'NL');
INSERT INTO `csdb`.`district_master` (`district_id`, `district_name`, `state_state_id`) VALUES ('NL010', 'Kiphire', 'NL');
INSERT INTO `csdb`.`district_master` (`district_id`, `district_name`, `state_state_id`) VALUES ('NL002', 'Kohima', 'NL');
INSERT INTO `csdb`.`district_master` (`district_id`, `district_name`, `state_state_id`) VALUES ('NL011', 'Longleng', 'NL');
INSERT INTO `csdb`.`district_master` (`district_id`, `district_name`, `state_state_id`) VALUES ('NL003', 'Mokokchung', 'NL');
INSERT INTO `csdb`.`district_master` (`district_id`, `district_name`, `state_state_id`) VALUES ('NL004', 'Mon', 'NL');
INSERT INTO `csdb`.`district_master` (`district_id`, `district_name`, `state_state_id`) VALUES ('NL009', 'Peren', 'NL');
INSERT INTO `csdb`.`district_master` (`district_id`, `district_name`, `state_state_id`) VALUES ('NL005', 'Phek', 'NL');
INSERT INTO `csdb`.`district_master` (`district_id`, `district_name`, `state_state_id`) VALUES ('NL006', 'Tuensang', 'NL');
INSERT INTO `csdb`.`district_master` (`district_id`, `district_name`, `state_state_id`) VALUES ('NL007', 'Wokha', 'NL');
INSERT INTO `csdb`.`district_master` (`district_id`, `district_name`, `state_state_id`) VALUES ('NL008', 'Zunheboto', 'NL');
INSERT INTO `csdb`.`district_master` (`district_id`, `district_name`, `state_state_id`) VALUES ('OR001', 'Angul', 'OR');
INSERT INTO `csdb`.`district_master` (`district_id`, `district_name`, `state_state_id`) VALUES ('OR002', 'Balangir', 'OR');
INSERT INTO `csdb`.`district_master` (`district_id`, `district_name`, `state_state_id`) VALUES ('OR003', 'Balasore', 'OR');
INSERT INTO `csdb`.`district_master` (`district_id`, `district_name`, `state_state_id`) VALUES ('OR004', 'Bargarh', 'OR');
INSERT INTO `csdb`.`district_master` (`district_id`, `district_name`, `state_state_id`) VALUES ('OR006', 'Bhadrak', 'OR');
INSERT INTO `csdb`.`district_master` (`district_id`, `district_name`, `state_state_id`) VALUES ('OR005', 'Boudh', 'OR');
INSERT INTO `csdb`.`district_master` (`district_id`, `district_name`, `state_state_id`) VALUES ('OR007', 'Cuttack', 'OR');
INSERT INTO `csdb`.`district_master` (`district_id`, `district_name`, `state_state_id`) VALUES ('OR008', 'Deogarh', 'OR');
INSERT INTO `csdb`.`district_master` (`district_id`, `district_name`, `state_state_id`) VALUES ('OR009', 'Dhenkanal', 'OR');
INSERT INTO `csdb`.`district_master` (`district_id`, `district_name`, `state_state_id`) VALUES ('OR010', 'Gajapati', 'OR');
INSERT INTO `csdb`.`district_master` (`district_id`, `district_name`, `state_state_id`) VALUES ('OR011', 'Ganjam', 'OR');
INSERT INTO `csdb`.`district_master` (`district_id`, `district_name`, `state_state_id`) VALUES ('OR012', 'Jagatsinghapur', 'OR');
INSERT INTO `csdb`.`district_master` (`district_id`, `district_name`, `state_state_id`) VALUES ('OR013', 'Jajpur', 'OR');
INSERT INTO `csdb`.`district_master` (`district_id`, `district_name`, `state_state_id`) VALUES ('OR014', 'Jharsuguda', 'OR');
INSERT INTO `csdb`.`district_master` (`district_id`, `district_name`, `state_state_id`) VALUES ('OR015', 'Kalahandi', 'OR');
INSERT INTO `csdb`.`district_master` (`district_id`, `district_name`, `state_state_id`) VALUES ('OR016', 'Kandhamal', 'OR');
INSERT INTO `csdb`.`district_master` (`district_id`, `district_name`, `state_state_id`) VALUES ('OR017', 'Kendrapara', 'OR');
INSERT INTO `csdb`.`district_master` (`district_id`, `district_name`, `state_state_id`) VALUES ('OR018', 'Kendujhar (Keonjhar)', 'OR');
INSERT INTO `csdb`.`district_master` (`district_id`, `district_name`, `state_state_id`) VALUES ('OR019', 'Khordha', 'OR');
INSERT INTO `csdb`.`district_master` (`district_id`, `district_name`, `state_state_id`) VALUES ('OR020', 'Koraput', 'OR');
INSERT INTO `csdb`.`district_master` (`district_id`, `district_name`, `state_state_id`) VALUES ('OR021', 'Malkangiri', 'OR');
INSERT INTO `csdb`.`district_master` (`district_id`, `district_name`, `state_state_id`) VALUES ('OR022', 'Mayurbhanj', 'OR');
INSERT INTO `csdb`.`district_master` (`district_id`, `district_name`, `state_state_id`) VALUES ('OR023', 'Nabarangpur', 'OR');
INSERT INTO `csdb`.`district_master` (`district_id`, `district_name`, `state_state_id`) VALUES ('OR024', 'Nayagarh', 'OR');
INSERT INTO `csdb`.`district_master` (`district_id`, `district_name`, `state_state_id`) VALUES ('OR025', 'Nuapada', 'OR');
INSERT INTO `csdb`.`district_master` (`district_id`, `district_name`, `state_state_id`) VALUES ('OR026', 'Puri', 'OR');
INSERT INTO `csdb`.`district_master` (`district_id`, `district_name`, `state_state_id`) VALUES ('OR027', 'Rayagada', 'OR');
INSERT INTO `csdb`.`district_master` (`district_id`, `district_name`, `state_state_id`) VALUES ('OR028', 'Sambalpur', 'OR');
INSERT INTO `csdb`.`district_master` (`district_id`, `district_name`, `state_state_id`) VALUES ('OR029', 'Sonepur', 'OR');
INSERT INTO `csdb`.`district_master` (`district_id`, `district_name`, `state_state_id`) VALUES ('OR030', 'Sundargarh', 'OR');
INSERT INTO `csdb`.`district_master` (`district_id`, `district_name`, `state_state_id`) VALUES ('PY001', 'Karaikal', 'PY');
INSERT INTO `csdb`.`district_master` (`district_id`, `district_name`, `state_state_id`) VALUES ('PY002', 'Mahe', 'PY');
INSERT INTO `csdb`.`district_master` (`district_id`, `district_name`, `state_state_id`) VALUES ('PY003', 'Pondicherry', 'PY');
INSERT INTO `csdb`.`district_master` (`district_id`, `district_name`, `state_state_id`) VALUES ('PY004', 'Yanam', 'PY');
INSERT INTO `csdb`.`district_master` (`district_id`, `district_name`, `state_state_id`) VALUES ('PB001', 'Amritsar', 'PB');
INSERT INTO `csdb`.`district_master` (`district_id`, `district_name`, `state_state_id`) VALUES ('PB019', 'Barnala', 'PB');
INSERT INTO `csdb`.`district_master` (`district_id`, `district_name`, `state_state_id`) VALUES ('PB002', 'Bathinda', 'PB');
INSERT INTO `csdb`.`district_master` (`district_id`, `district_name`, `state_state_id`) VALUES ('PB003', 'Faridkot', 'PB');
INSERT INTO `csdb`.`district_master` (`district_id`, `district_name`, `state_state_id`) VALUES ('PB004', 'Fatehgarh Sahib', 'PB');
INSERT INTO `csdb`.`district_master` (`district_id`, `district_name`, `state_state_id`) VALUES ('PB022', 'Fazilka', 'PB');
INSERT INTO `csdb`.`district_master` (`district_id`, `district_name`, `state_state_id`) VALUES ('PB005', 'Ferozepur', 'PB');
INSERT INTO `csdb`.`district_master` (`district_id`, `district_name`, `state_state_id`) VALUES ('PB006', 'Gurdaspur', 'PB');
INSERT INTO `csdb`.`district_master` (`district_id`, `district_name`, `state_state_id`) VALUES ('PB007', 'Hoshiarpur', 'PB');
INSERT INTO `csdb`.`district_master` (`district_id`, `district_name`, `state_state_id`) VALUES ('PB008', 'Jalandhar', 'PB');
INSERT INTO `csdb`.`district_master` (`district_id`, `district_name`, `state_state_id`) VALUES ('PB009', 'Kapurthala', 'PB');
INSERT INTO `csdb`.`district_master` (`district_id`, `district_name`, `state_state_id`) VALUES ('PB010', 'Ludhiana', 'PB');
INSERT INTO `csdb`.`district_master` (`district_id`, `district_name`, `state_state_id`) VALUES ('PB011', 'Mansa', 'PB');
INSERT INTO `csdb`.`district_master` (`district_id`, `district_name`, `state_state_id`) VALUES ('PB012', 'Moga', 'PB');
INSERT INTO `csdb`.`district_master` (`district_id`, `district_name`, `state_state_id`) VALUES ('PB013', 'Muktsar', 'PB');
INSERT INTO `csdb`.`district_master` (`district_id`, `district_name`, `state_state_id`) VALUES ('PB014', 'Nawanshahr (Shahid Bhagat Singh Nagar)', 'PB');
INSERT INTO `csdb`.`district_master` (`district_id`, `district_name`, `state_state_id`) VALUES ('PB021', 'Pathankot', 'PB');
INSERT INTO `csdb`.`district_master` (`district_id`, `district_name`, `state_state_id`) VALUES ('PB015', 'Patiala', 'PB');
INSERT INTO `csdb`.`district_master` (`district_id`, `district_name`, `state_state_id`) VALUES ('PB016', 'Rupnagar', 'PB');
INSERT INTO `csdb`.`district_master` (`district_id`, `district_name`, `state_state_id`) VALUES ('PB020', 'Sahibzada Ajit Singh Nagar (Mohali)', 'PB');
INSERT INTO `csdb`.`district_master` (`district_id`, `district_name`, `state_state_id`) VALUES ('PB017', 'Sangrur', 'PB');
INSERT INTO `csdb`.`district_master` (`district_id`, `district_name`, `state_state_id`) VALUES ('PB018', 'Tarn Taran', 'PB');
INSERT INTO `csdb`.`district_master` (`district_id`, `district_name`, `state_state_id`) VALUES ('RJ001', 'Ajmer', 'RJ');
INSERT INTO `csdb`.`district_master` (`district_id`, `district_name`, `state_state_id`) VALUES ('RJ002', 'Alwar', 'RJ');
INSERT INTO `csdb`.`district_master` (`district_id`, `district_name`, `state_state_id`) VALUES ('RJ003', 'Banswara', 'RJ');
INSERT INTO `csdb`.`district_master` (`district_id`, `district_name`, `state_state_id`) VALUES ('RJ004', 'Baran', 'RJ');
INSERT INTO `csdb`.`district_master` (`district_id`, `district_name`, `state_state_id`) VALUES ('RJ005', 'Barmer', 'RJ');
INSERT INTO `csdb`.`district_master` (`district_id`, `district_name`, `state_state_id`) VALUES ('RJ006', 'Bharatpur', 'RJ');
INSERT INTO `csdb`.`district_master` (`district_id`, `district_name`, `state_state_id`) VALUES ('RJ007', 'Bhilwara', 'RJ');
INSERT INTO `csdb`.`district_master` (`district_id`, `district_name`, `state_state_id`) VALUES ('RJ008', 'Bikaner', 'RJ');
INSERT INTO `csdb`.`district_master` (`district_id`, `district_name`, `state_state_id`) VALUES ('RJ009', 'Bundi', 'RJ');
INSERT INTO `csdb`.`district_master` (`district_id`, `district_name`, `state_state_id`) VALUES ('RJ010', 'Chittorgarh', 'RJ');
INSERT INTO `csdb`.`district_master` (`district_id`, `district_name`, `state_state_id`) VALUES ('RJ011', 'Churu', 'RJ');
INSERT INTO `csdb`.`district_master` (`district_id`, `district_name`, `state_state_id`) VALUES ('RJ012', 'Dausa', 'RJ');
INSERT INTO `csdb`.`district_master` (`district_id`, `district_name`, `state_state_id`) VALUES ('RJ013', 'Dholpur', 'RJ');
INSERT INTO `csdb`.`district_master` (`district_id`, `district_name`, `state_state_id`) VALUES ('RJ014', 'Dungarpur', 'RJ');
INSERT INTO `csdb`.`district_master` (`district_id`, `district_name`, `state_state_id`) VALUES ('RJ016', 'Hanumangarh', 'RJ');
INSERT INTO `csdb`.`district_master` (`district_id`, `district_name`, `state_state_id`) VALUES ('RJ017', 'Jaipur', 'RJ');
INSERT INTO `csdb`.`district_master` (`district_id`, `district_name`, `state_state_id`) VALUES ('RJ018', 'Jaisalmer', 'RJ');
INSERT INTO `csdb`.`district_master` (`district_id`, `district_name`, `state_state_id`) VALUES ('RJ019', 'Jalore', 'RJ');
INSERT INTO `csdb`.`district_master` (`district_id`, `district_name`, `state_state_id`) VALUES ('RJ020', 'Jhalawar', 'RJ');
INSERT INTO `csdb`.`district_master` (`district_id`, `district_name`, `state_state_id`) VALUES ('RJ021', 'Jhunjhunu', 'RJ');
INSERT INTO `csdb`.`district_master` (`district_id`, `district_name`, `state_state_id`) VALUES ('RJ022', 'Jodhpur', 'RJ');
INSERT INTO `csdb`.`district_master` (`district_id`, `district_name`, `state_state_id`) VALUES ('RJ023', 'Karauli', 'RJ');
INSERT INTO `csdb`.`district_master` (`district_id`, `district_name`, `state_state_id`) VALUES ('RJ024', 'Kota', 'RJ');
INSERT INTO `csdb`.`district_master` (`district_id`, `district_name`, `state_state_id`) VALUES ('RJ025', 'Nagaur', 'RJ');
INSERT INTO `csdb`.`district_master` (`district_id`, `district_name`, `state_state_id`) VALUES ('RJ026', 'Pali', 'RJ');
INSERT INTO `csdb`.`district_master` (`district_id`, `district_name`, `state_state_id`) VALUES ('RJ033', 'Pratapgarh', 'RJ');
INSERT INTO `csdb`.`district_master` (`district_id`, `district_name`, `state_state_id`) VALUES ('RJ027', 'Rajsamand', 'RJ');
INSERT INTO `csdb`.`district_master` (`district_id`, `district_name`, `state_state_id`) VALUES ('RJ028', 'Sawai Madhopur', 'RJ');
INSERT INTO `csdb`.`district_master` (`district_id`, `district_name`, `state_state_id`) VALUES ('RJ029', 'Sikar', 'RJ');
INSERT INTO `csdb`.`district_master` (`district_id`, `district_name`, `state_state_id`) VALUES ('RJ030', 'Sirohi', 'RJ');
INSERT INTO `csdb`.`district_master` (`district_id`, `district_name`, `state_state_id`) VALUES ('RJ015', 'Sri Ganganagar', 'RJ');
INSERT INTO `csdb`.`district_master` (`district_id`, `district_name`, `state_state_id`) VALUES ('RJ031', 'Tonk', 'RJ');
INSERT INTO `csdb`.`district_master` (`district_id`, `district_name`, `state_state_id`) VALUES ('RJ032', 'Udaipur', 'RJ');
INSERT INTO `csdb`.`district_master` (`district_id`, `district_name`, `state_state_id`) VALUES ('SK001', 'East Sikkim', 'SK');
INSERT INTO `csdb`.`district_master` (`district_id`, `district_name`, `state_state_id`) VALUES ('SK002', 'North Sikkim', 'SK');
INSERT INTO `csdb`.`district_master` (`district_id`, `district_name`, `state_state_id`) VALUES ('SK003', 'South Sikkim', 'SK');
INSERT INTO `csdb`.`district_master` (`district_id`, `district_name`, `state_state_id`) VALUES ('SK004', 'West Sikkim', 'SK');
INSERT INTO `csdb`.`district_master` (`district_id`, `district_name`, `state_state_id`) VALUES ('TN032', 'Ariyalur', 'TN');
INSERT INTO `csdb`.`district_master` (`district_id`, `district_name`, `state_state_id`) VALUES ('TN002', 'Chennai', 'TN');
INSERT INTO `csdb`.`district_master` (`district_id`, `district_name`, `state_state_id`) VALUES ('TN003', 'Coimbatore', 'TN');
INSERT INTO `csdb`.`district_master` (`district_id`, `district_name`, `state_state_id`) VALUES ('TN004', 'Cuddalore', 'TN');
INSERT INTO `csdb`.`district_master` (`district_id`, `district_name`, `state_state_id`) VALUES ('TN005', 'Dharmapuri', 'TN');
INSERT INTO `csdb`.`district_master` (`district_id`, `district_name`, `state_state_id`) VALUES ('TN006', 'Dindigul', 'TN');
INSERT INTO `csdb`.`district_master` (`district_id`, `district_name`, `state_state_id`) VALUES ('TN007', 'Erode', 'TN');
INSERT INTO `csdb`.`district_master` (`district_id`, `district_name`, `state_state_id`) VALUES ('TN008', 'Kanchipuram', 'TN');
INSERT INTO `csdb`.`district_master` (`district_id`, `district_name`, `state_state_id`) VALUES ('TN009', 'Kanyakumari', 'TN');
INSERT INTO `csdb`.`district_master` (`district_id`, `district_name`, `state_state_id`) VALUES ('TN010', 'Karur', 'TN');
INSERT INTO `csdb`.`district_master` (`district_id`, `district_name`, `state_state_id`) VALUES ('TN031', 'Krishnagiri', 'TN');
INSERT INTO `csdb`.`district_master` (`district_id`, `district_name`, `state_state_id`) VALUES ('TN011', 'Madurai', 'TN');
INSERT INTO `csdb`.`district_master` (`district_id`, `district_name`, `state_state_id`) VALUES ('TN012', 'Nagapattinam', 'TN');
INSERT INTO `csdb`.`district_master` (`district_id`, `district_name`, `state_state_id`) VALUES ('TN013', 'Namakkal', 'TN');
INSERT INTO `csdb`.`district_master` (`district_id`, `district_name`, `state_state_id`) VALUES ('TN020', 'Nilgiris', 'TN');
INSERT INTO `csdb`.`district_master` (`district_id`, `district_name`, `state_state_id`) VALUES ('TN014', 'Perambalur', 'TN');
INSERT INTO `csdb`.`district_master` (`district_id`, `district_name`, `state_state_id`) VALUES ('TN015', 'Pudukkottai', 'TN');
INSERT INTO `csdb`.`district_master` (`district_id`, `district_name`, `state_state_id`) VALUES ('TN016', 'Ramanathapuram', 'TN');
INSERT INTO `csdb`.`district_master` (`district_id`, `district_name`, `state_state_id`) VALUES ('TN017', 'Salem', 'TN');
INSERT INTO `csdb`.`district_master` (`district_id`, `district_name`, `state_state_id`) VALUES ('TN018', 'Sivaganga', 'TN');
INSERT INTO `csdb`.`district_master` (`district_id`, `district_name`, `state_state_id`) VALUES ('TN019', 'Thanjavur', 'TN');
INSERT INTO `csdb`.`district_master` (`district_id`, `district_name`, `state_state_id`) VALUES ('TN021', 'Theni', 'TN');
INSERT INTO `csdb`.`district_master` (`district_id`, `district_name`, `state_state_id`) VALUES ('TN024', 'Thoothukudi (Tuticorin)', 'TN');
INSERT INTO `csdb`.`district_master` (`district_id`, `district_name`, `state_state_id`) VALUES ('TN025', 'Tiruchirappalli', 'TN');
INSERT INTO `csdb`.`district_master` (`district_id`, `district_name`, `state_state_id`) VALUES ('TN026', 'Tirunelveli', 'TN');
INSERT INTO `csdb`.`district_master` (`district_id`, `district_name`, `state_state_id`) VALUES ('TN033', 'Tiruppur', 'TN');
INSERT INTO `csdb`.`district_master` (`district_id`, `district_name`, `state_state_id`) VALUES ('TN022', 'Tiruvallur', 'TN');
INSERT INTO `csdb`.`district_master` (`district_id`, `district_name`, `state_state_id`) VALUES ('TN027', 'Tiruvannamalai', 'TN');
INSERT INTO `csdb`.`district_master` (`district_id`, `district_name`, `state_state_id`) VALUES ('TN023', 'Tiruvarur', 'TN');
INSERT INTO `csdb`.`district_master` (`district_id`, `district_name`, `state_state_id`) VALUES ('TN028', 'Vellore', 'TN');
INSERT INTO `csdb`.`district_master` (`district_id`, `district_name`, `state_state_id`) VALUES ('TN029', 'Viluppuram', 'TN');
INSERT INTO `csdb`.`district_master` (`district_id`, `district_name`, `state_state_id`) VALUES ('TN030', 'Virudhunagar', 'TN');
INSERT INTO `csdb`.`district_master` (`district_id`, `district_name`, `state_state_id`) VALUES ('TG006', 'Adilabad', 'TG');
INSERT INTO `csdb`.`district_master` (`district_id`, `district_name`, `state_state_id`) VALUES ('TG011', 'Bhadradri Kothagudem', 'TG');
INSERT INTO `csdb`.`district_master` (`district_id`, `district_name`, `state_state_id`) VALUES ('TG003', 'Hyderabad', 'TG');
INSERT INTO `csdb`.`district_master` (`district_id`, `district_name`, `state_state_id`) VALUES ('TG012', 'Jagtial', 'TG');
INSERT INTO `csdb`.`district_master` (`district_id`, `district_name`, `state_state_id`) VALUES ('TG013', 'Jangaon', 'TG');
INSERT INTO `csdb`.`district_master` (`district_id`, `district_name`, `state_state_id`) VALUES ('TG014', 'Jayashankar Bhoopalpally', 'TG');
INSERT INTO `csdb`.`district_master` (`district_id`, `district_name`, `state_state_id`) VALUES ('TG015', 'Jogulamba Gadwal', 'TG');
INSERT INTO `csdb`.`district_master` (`district_id`, `district_name`, `state_state_id`) VALUES ('TG016', 'Kamareddy', 'TG');
INSERT INTO `csdb`.`district_master` (`district_id`, `district_name`, `state_state_id`) VALUES ('TG007', 'Karimnagar', 'TG');
INSERT INTO `csdb`.`district_master` (`district_id`, `district_name`, `state_state_id`) VALUES ('TG009', 'Khammam', 'TG');
INSERT INTO `csdb`.`district_master` (`district_id`, `district_name`, `state_state_id`) VALUES ('TG017', 'Komaram Bheem Asifabad', 'TG');
INSERT INTO `csdb`.`district_master` (`district_id`, `district_name`, `state_state_id`) VALUES ('TG018', 'Mahabubabad', 'TG');
INSERT INTO `csdb`.`district_master` (`district_id`, `district_name`, `state_state_id`) VALUES ('TG001', 'Mahabubnagar', 'TG');
INSERT INTO `csdb`.`district_master` (`district_id`, `district_name`, `state_state_id`) VALUES ('TG019', 'Mancherial', 'TG');
INSERT INTO `csdb`.`district_master` (`district_id`, `district_name`, `state_state_id`) VALUES ('TG004', 'Medak', 'TG');
INSERT INTO `csdb`.`district_master` (`district_id`, `district_name`, `state_state_id`) VALUES ('TG020', 'Medchal', 'TG');
INSERT INTO `csdb`.`district_master` (`district_id`, `district_name`, `state_state_id`) VALUES ('TG021', 'Nagarkurnool', 'TG');
INSERT INTO `csdb`.`district_master` (`district_id`, `district_name`, `state_state_id`) VALUES ('TG010', 'Nalgonda', 'TG');
INSERT INTO `csdb`.`district_master` (`district_id`, `district_name`, `state_state_id`) VALUES ('TG022', 'Nirmal', 'TG');
INSERT INTO `csdb`.`district_master` (`district_id`, `district_name`, `state_state_id`) VALUES ('TG005', 'Nizamabad', 'TG');
INSERT INTO `csdb`.`district_master` (`district_id`, `district_name`, `state_state_id`) VALUES ('TG023', 'Peddapalli', 'TG');
INSERT INTO `csdb`.`district_master` (`district_id`, `district_name`, `state_state_id`) VALUES ('TG024', 'Rajanna Sircilla', 'TG');
INSERT INTO `csdb`.`district_master` (`district_id`, `district_name`, `state_state_id`) VALUES ('TG002', 'Rangareddy', 'TG');
INSERT INTO `csdb`.`district_master` (`district_id`, `district_name`, `state_state_id`) VALUES ('TG025', 'Sangareddy', 'TG');
INSERT INTO `csdb`.`district_master` (`district_id`, `district_name`, `state_state_id`) VALUES ('TG026', 'Siddipet', 'TG');
INSERT INTO `csdb`.`district_master` (`district_id`, `district_name`, `state_state_id`) VALUES ('TG027', 'Suryapet', 'TG');
INSERT INTO `csdb`.`district_master` (`district_id`, `district_name`, `state_state_id`) VALUES ('TG028', 'Vikarabad', 'TG');
INSERT INTO `csdb`.`district_master` (`district_id`, `district_name`, `state_state_id`) VALUES ('TG029', 'Wanaparthy', 'TG');
INSERT INTO `csdb`.`district_master` (`district_id`, `district_name`, `state_state_id`) VALUES ('TG030', 'Warangal (Rural)', 'TG');
INSERT INTO `csdb`.`district_master` (`district_id`, `district_name`, `state_state_id`) VALUES ('TG008', 'Warangal (Urban)', 'TG');
INSERT INTO `csdb`.`district_master` (`district_id`, `district_name`, `state_state_id`) VALUES ('TG031', 'Yadadri Bhuvanagiri', 'TG');
INSERT INTO `csdb`.`district_master` (`district_id`, `district_name`, `state_state_id`) VALUES ('TR001', 'Dhalai', 'TR');
INSERT INTO `csdb`.`district_master` (`district_id`, `district_name`, `state_state_id`) VALUES ('TR006', 'Gomati', 'TR');
INSERT INTO `csdb`.`district_master` (`district_id`, `district_name`, `state_state_id`) VALUES ('TR007', 'Khowai', 'TR');
INSERT INTO `csdb`.`district_master` (`district_id`, `district_name`, `state_state_id`) VALUES ('TR002', 'North Tripura', 'TR');
INSERT INTO `csdb`.`district_master` (`district_id`, `district_name`, `state_state_id`) VALUES ('TR008', 'Sepahijala', 'TR');
INSERT INTO `csdb`.`district_master` (`district_id`, `district_name`, `state_state_id`) VALUES ('TR003', 'South Tripura', 'TR');
INSERT INTO `csdb`.`district_master` (`district_id`, `district_name`, `state_state_id`) VALUES ('TR005', 'Unakoti', 'TR');
INSERT INTO `csdb`.`district_master` (`district_id`, `district_name`, `state_state_id`) VALUES ('TR004', 'West Tripura', 'TR');
INSERT INTO `csdb`.`district_master` (`district_id`, `district_name`, `state_state_id`) VALUES ('UK001', 'Almora', 'UK');
INSERT INTO `csdb`.`district_master` (`district_id`, `district_name`, `state_state_id`) VALUES ('UK002', 'Bageshwar', 'UK');
INSERT INTO `csdb`.`district_master` (`district_id`, `district_name`, `state_state_id`) VALUES ('UK003', 'Chamoli', 'UK');
INSERT INTO `csdb`.`district_master` (`district_id`, `district_name`, `state_state_id`) VALUES ('UK004', 'Champawat', 'UK');
INSERT INTO `csdb`.`district_master` (`district_id`, `district_name`, `state_state_id`) VALUES ('UK005', 'Dehradun', 'UK');
INSERT INTO `csdb`.`district_master` (`district_id`, `district_name`, `state_state_id`) VALUES ('UK007', 'Haridwar', 'UK');
INSERT INTO `csdb`.`district_master` (`district_id`, `district_name`, `state_state_id`) VALUES ('UK008', 'Nainital', 'UK');
INSERT INTO `csdb`.`district_master` (`district_id`, `district_name`, `state_state_id`) VALUES ('UK006', 'Pauri Garhwal', 'UK');
INSERT INTO `csdb`.`district_master` (`district_id`, `district_name`, `state_state_id`) VALUES ('UK009', 'Pithoragarh', 'UK');
INSERT INTO `csdb`.`district_master` (`district_id`, `district_name`, `state_state_id`) VALUES ('UK010', 'Rudraprayag', 'UK');
INSERT INTO `csdb`.`district_master` (`district_id`, `district_name`, `state_state_id`) VALUES ('UK011', 'Tehri Garhwal', 'UK');
INSERT INTO `csdb`.`district_master` (`district_id`, `district_name`, `state_state_id`) VALUES ('UK012', 'Udham Singh Nagar', 'UK');
INSERT INTO `csdb`.`district_master` (`district_id`, `district_name`, `state_state_id`) VALUES ('UK013', 'Uttarkashi', 'UK');
INSERT INTO `csdb`.`district_master` (`district_id`, `district_name`, `state_state_id`) VALUES ('UP001', 'Agra', 'UP');
INSERT INTO `csdb`.`district_master` (`district_id`, `district_name`, `state_state_id`) VALUES ('UP002', 'Aligarh', 'UP');
INSERT INTO `csdb`.`district_master` (`district_id`, `district_name`, `state_state_id`) VALUES ('UP003', 'Allahabad', 'UP');
INSERT INTO `csdb`.`district_master` (`district_id`, `district_name`, `state_state_id`) VALUES ('UP004', 'Ambedkar Nagar', 'UP');
INSERT INTO `csdb`.`district_master` (`district_id`, `district_name`, `state_state_id`) VALUES ('UP074', 'Amethi (Chatrapati Sahuji Mahraj Nagar)', 'UP');
INSERT INTO `csdb`.`district_master` (`district_id`, `district_name`, `state_state_id`) VALUES ('UP038', 'Amroha (J.P. Nagar)', 'UP');
INSERT INTO `csdb`.`district_master` (`district_id`, `district_name`, `state_state_id`) VALUES ('UP005', 'Auraiya', 'UP');
INSERT INTO `csdb`.`district_master` (`district_id`, `district_name`, `state_state_id`) VALUES ('UP006', 'Azamgarh', 'UP');
INSERT INTO `csdb`.`district_master` (`district_id`, `district_name`, `state_state_id`) VALUES ('UP007', 'Baghpat', 'UP');
INSERT INTO `csdb`.`district_master` (`district_id`, `district_name`, `state_state_id`) VALUES ('UP008', 'Bahraich', 'UP');
INSERT INTO `csdb`.`district_master` (`district_id`, `district_name`, `state_state_id`) VALUES ('UP009', 'Ballia', 'UP');
INSERT INTO `csdb`.`district_master` (`district_id`, `district_name`, `state_state_id`) VALUES ('UP010', 'Balrampur', 'UP');
INSERT INTO `csdb`.`district_master` (`district_id`, `district_name`, `state_state_id`) VALUES ('UP011', 'Banda', 'UP');
INSERT INTO `csdb`.`district_master` (`district_id`, `district_name`, `state_state_id`) VALUES ('UP012', 'Barabanki', 'UP');
INSERT INTO `csdb`.`district_master` (`district_id`, `district_name`, `state_state_id`) VALUES ('UP013', 'Bareilly', 'UP');
INSERT INTO `csdb`.`district_master` (`district_id`, `district_name`, `state_state_id`) VALUES ('UP014', 'Basti', 'UP');
INSERT INTO `csdb`.`district_master` (`district_id`, `district_name`, `state_state_id`) VALUES ('UP062', 'Bhadohi', 'UP');
INSERT INTO `csdb`.`district_master` (`district_id`, `district_name`, `state_state_id`) VALUES ('UP015', 'Bijnor', 'UP');
INSERT INTO `csdb`.`district_master` (`district_id`, `district_name`, `state_state_id`) VALUES ('UP016', 'Budaun', 'UP');
INSERT INTO `csdb`.`district_master` (`district_id`, `district_name`, `state_state_id`) VALUES ('UP017', 'Bulandshahr', 'UP');
INSERT INTO `csdb`.`district_master` (`district_id`, `district_name`, `state_state_id`) VALUES ('UP018', 'Chandauli', 'UP');
INSERT INTO `csdb`.`district_master` (`district_id`, `district_name`, `state_state_id`) VALUES ('UP019', 'Chitrakoot', 'UP');
INSERT INTO `csdb`.`district_master` (`district_id`, `district_name`, `state_state_id`) VALUES ('UP020', 'Deoria', 'UP');
INSERT INTO `csdb`.`district_master` (`district_id`, `district_name`, `state_state_id`) VALUES ('UP021', 'Etah', 'UP');
INSERT INTO `csdb`.`district_master` (`district_id`, `district_name`, `state_state_id`) VALUES ('UP022', 'Etawah', 'UP');
INSERT INTO `csdb`.`district_master` (`district_id`, `district_name`, `state_state_id`) VALUES ('UP023', 'Faizabad', 'UP');
INSERT INTO `csdb`.`district_master` (`district_id`, `district_name`, `state_state_id`) VALUES ('UP024', 'Farrukhabad', 'UP');
INSERT INTO `csdb`.`district_master` (`district_id`, `district_name`, `state_state_id`) VALUES ('UP025', 'Fatehpur', 'UP');
INSERT INTO `csdb`.`district_master` (`district_id`, `district_name`, `state_state_id`) VALUES ('UP026', 'Firozabad', 'UP');
INSERT INTO `csdb`.`district_master` (`district_id`, `district_name`, `state_state_id`) VALUES ('UP027', 'Gautam Buddha Nagar', 'UP');
INSERT INTO `csdb`.`district_master` (`district_id`, `district_name`, `state_state_id`) VALUES ('UP028', 'Ghaziabad', 'UP');
INSERT INTO `csdb`.`district_master` (`district_id`, `district_name`, `state_state_id`) VALUES ('UP029', 'Ghazipur', 'UP');
INSERT INTO `csdb`.`district_master` (`district_id`, `district_name`, `state_state_id`) VALUES ('UP030', 'Gonda', 'UP');
INSERT INTO `csdb`.`district_master` (`district_id`, `district_name`, `state_state_id`) VALUES ('UP031', 'Gorakhpur', 'UP');
INSERT INTO `csdb`.`district_master` (`district_id`, `district_name`, `state_state_id`) VALUES ('UP032', 'Hamirpur', 'UP');
INSERT INTO `csdb`.`district_master` (`district_id`, `district_name`, `state_state_id`) VALUES ('UP073', 'Hapur (Panchsheel Nagar)', 'UP');
INSERT INTO `csdb`.`district_master` (`district_id`, `district_name`, `state_state_id`) VALUES ('UP033', 'Hardoi', 'UP');
INSERT INTO `csdb`.`district_master` (`district_id`, `district_name`, `state_state_id`) VALUES ('UP034', 'Hathras', 'UP');
INSERT INTO `csdb`.`district_master` (`district_id`, `district_name`, `state_state_id`) VALUES ('UP035', 'Jalaun', 'UP');
INSERT INTO `csdb`.`district_master` (`district_id`, `district_name`, `state_state_id`) VALUES ('UP036', 'Jaunpur', 'UP');
INSERT INTO `csdb`.`district_master` (`district_id`, `district_name`, `state_state_id`) VALUES ('UP037', 'Jhansi', 'UP');
INSERT INTO `csdb`.`district_master` (`district_id`, `district_name`, `state_state_id`) VALUES ('UP039', 'Kannauj', 'UP');
INSERT INTO `csdb`.`district_master` (`district_id`, `district_name`, `state_state_id`) VALUES ('UP040', 'Kanpur Dehat', 'UP');
INSERT INTO `csdb`.`district_master` (`district_id`, `district_name`, `state_state_id`) VALUES ('UP041', 'Kanpur Nagar', 'UP');
INSERT INTO `csdb`.`district_master` (`district_id`, `district_name`, `state_state_id`) VALUES ('UP071', 'Kanshiram Nagar (Kasganj)', 'UP');
INSERT INTO `csdb`.`district_master` (`district_id`, `district_name`, `state_state_id`) VALUES ('UP042', 'Kaushambi', 'UP');
INSERT INTO `csdb`.`district_master` (`district_id`, `district_name`, `state_state_id`) VALUES ('UP044', 'Kushinagar (Padrauna)', 'UP');
INSERT INTO `csdb`.`district_master` (`district_id`, `district_name`, `state_state_id`) VALUES ('UP043', 'Lakhimpur - Kheri', 'UP');
INSERT INTO `csdb`.`district_master` (`district_id`, `district_name`, `state_state_id`) VALUES ('UP045', 'Lalitpur', 'UP');
INSERT INTO `csdb`.`district_master` (`district_id`, `district_name`, `state_state_id`) VALUES ('UP046', 'Lucknow', 'UP');
INSERT INTO `csdb`.`district_master` (`district_id`, `district_name`, `state_state_id`) VALUES ('UP047', 'Maharajganj', 'UP');
INSERT INTO `csdb`.`district_master` (`district_id`, `district_name`, `state_state_id`) VALUES ('UP048', 'Mahoba', 'UP');
INSERT INTO `csdb`.`district_master` (`district_id`, `district_name`, `state_state_id`) VALUES ('UP049', 'Mainpuri', 'UP');
INSERT INTO `csdb`.`district_master` (`district_id`, `district_name`, `state_state_id`) VALUES ('UP050', 'Mathura', 'UP');
INSERT INTO `csdb`.`district_master` (`district_id`, `district_name`, `state_state_id`) VALUES ('UP051', 'Mau', 'UP');
INSERT INTO `csdb`.`district_master` (`district_id`, `district_name`, `state_state_id`) VALUES ('UP052', 'Meerut', 'UP');
INSERT INTO `csdb`.`district_master` (`district_id`, `district_name`, `state_state_id`) VALUES ('UP053', 'Mirzapur', 'UP');
INSERT INTO `csdb`.`district_master` (`district_id`, `district_name`, `state_state_id`) VALUES ('UP054', 'Moradabad', 'UP');
INSERT INTO `csdb`.`district_master` (`district_id`, `district_name`, `state_state_id`) VALUES ('UP055', 'Muzaffarnagar', 'UP');
INSERT INTO `csdb`.`district_master` (`district_id`, `district_name`, `state_state_id`) VALUES ('UP056', 'Pilibhit', 'UP');
INSERT INTO `csdb`.`district_master` (`district_id`, `district_name`, `state_state_id`) VALUES ('UP057', 'Pratapgarh', 'UP');
INSERT INTO `csdb`.`district_master` (`district_id`, `district_name`, `state_state_id`) VALUES ('UP058', 'RaeBareli', 'UP');
INSERT INTO `csdb`.`district_master` (`district_id`, `district_name`, `state_state_id`) VALUES ('UP059', 'Rampur', 'UP');
INSERT INTO `csdb`.`district_master` (`district_id`, `district_name`, `state_state_id`) VALUES ('UP060', 'Saharanpur', 'UP');
INSERT INTO `csdb`.`district_master` (`district_id`, `district_name`, `state_state_id`) VALUES ('UP072', 'Sambhal (Bhim Nagar)', 'UP');
INSERT INTO `csdb`.`district_master` (`district_id`, `district_name`, `state_state_id`) VALUES ('UP061', 'Sant Kabir Nagar', 'UP');
INSERT INTO `csdb`.`district_master` (`district_id`, `district_name`, `state_state_id`) VALUES ('UP063', 'Shahjahanpur', 'UP');
INSERT INTO `csdb`.`district_master` (`district_id`, `district_name`, `state_state_id`) VALUES ('UP075', 'Shamali (Prabuddh Nagar)', 'UP');
INSERT INTO `csdb`.`district_master` (`district_id`, `district_name`, `state_state_id`) VALUES ('UP064', 'Shravasti', 'UP');
INSERT INTO `csdb`.`district_master` (`district_id`, `district_name`, `state_state_id`) VALUES ('UP065', 'Siddharth Nagar', 'UP');
INSERT INTO `csdb`.`district_master` (`district_id`, `district_name`, `state_state_id`) VALUES ('UP066', 'Sitapur', 'UP');
INSERT INTO `csdb`.`district_master` (`district_id`, `district_name`, `state_state_id`) VALUES ('UP067', 'Sonbhadra', 'UP');
INSERT INTO `csdb`.`district_master` (`district_id`, `district_name`, `state_state_id`) VALUES ('UP068', 'Sultanpur', 'UP');
INSERT INTO `csdb`.`district_master` (`district_id`, `district_name`, `state_state_id`) VALUES ('UP069', 'Unnao', 'UP');
INSERT INTO `csdb`.`district_master` (`district_id`, `district_name`, `state_state_id`) VALUES ('UP070', 'Varanasi', 'UP');
INSERT INTO `csdb`.`district_master` (`district_id`, `district_name`, `state_state_id`) VALUES ('WB022', 'Alipurduar', 'WB');
INSERT INTO `csdb`.`district_master` (`district_id`, `district_name`, `state_state_id`) VALUES ('WB001', 'Bankura', 'WB');
INSERT INTO `csdb`.`district_master` (`district_id`, `district_name`, `state_state_id`) VALUES ('WB003', 'Birbhum', 'WB');
INSERT INTO `csdb`.`district_master` (`district_id`, `district_name`, `state_state_id`) VALUES ('WB009', 'Cooch Behar', 'WB');
INSERT INTO `csdb`.`district_master` (`district_id`, `district_name`, `state_state_id`) VALUES ('WB004', 'Dakshin Dinajpur (South Dinajpur)', 'WB');
INSERT INTO `csdb`.`district_master` (`district_id`, `district_name`, `state_state_id`) VALUES ('WB005', 'Darjeeling', 'WB');
INSERT INTO `csdb`.`district_master` (`district_id`, `district_name`, `state_state_id`) VALUES ('WB007', 'Hooghly', 'WB');
INSERT INTO `csdb`.`district_master` (`district_id`, `district_name`, `state_state_id`) VALUES ('WB006', 'Howrah', 'WB');
INSERT INTO `csdb`.`district_master` (`district_id`, `district_name`, `state_state_id`) VALUES ('WB008', 'Jalpaiguri', 'WB');
INSERT INTO `csdb`.`district_master` (`district_id`, `district_name`, `state_state_id`) VALUES ('WB023', 'Jhargram', 'WB');
INSERT INTO `csdb`.`district_master` (`district_id`, `district_name`, `state_state_id`) VALUES ('WB021', 'Kalimpong', 'WB');
INSERT INTO `csdb`.`district_master` (`district_id`, `district_name`, `state_state_id`) VALUES ('WB020', 'Kolkata', 'WB');
INSERT INTO `csdb`.`district_master` (`district_id`, `district_name`, `state_state_id`) VALUES ('WB011', 'Malda', 'WB');
INSERT INTO `csdb`.`district_master` (`district_id`, `district_name`, `state_state_id`) VALUES ('WB013', 'Murshidabad', 'WB');
INSERT INTO `csdb`.`district_master` (`district_id`, `district_name`, `state_state_id`) VALUES ('WB014', 'Nadia', 'WB');
INSERT INTO `csdb`.`district_master` (`district_id`, `district_name`, `state_state_id`) VALUES ('WB015', 'North 24 Parganas', 'WB');
INSERT INTO `csdb`.`district_master` (`district_id`, `district_name`, `state_state_id`) VALUES ('WB019', 'Paschim Medinipur (West Medinipur)', 'WB');
INSERT INTO `csdb`.`district_master` (`district_id`, `district_name`, `state_state_id`) VALUES ('WB024', 'Paschim (West) Burdwan (Bardhaman)', 'WB');
INSERT INTO `csdb`.`district_master` (`district_id`, `district_name`, `state_state_id`) VALUES ('WB002', 'Purba Burdwan (Bardhaman)', 'WB');
INSERT INTO `csdb`.`district_master` (`district_id`, `district_name`, `state_state_id`) VALUES ('WB012', 'Purba Medinipur (East Medinipur)', 'WB');
INSERT INTO `csdb`.`district_master` (`district_id`, `district_name`, `state_state_id`) VALUES ('WB016', 'Purulia', 'WB');
INSERT INTO `csdb`.`district_master` (`district_id`, `district_name`, `state_state_id`) VALUES ('WB017', 'South 24 Parganas', 'WB');
INSERT INTO `csdb`.`district_master` (`district_id`, `district_name`, `state_state_id`) VALUES ('WB018', 'Uttar Dinajpur (North Dinajpur)', 'WB');

COMMIT;

